danceability,energy,key,loudness,mode,speechiness,acousticness,instrumentalness,liveness,valence,tempo,type,id,uri,track_href,analysis_url,duration_ms,time_signature,Song,Artist
0.283,0.716,1,-9.632,0,0.0986,0.447,0.0,0.399,0.828,201.96,audio_features,3Um9toULmYFGCpvaIPFw7l,spotify:track:3Um9toULmYFGCpvaIPFw7l,https://api.spotify.com/v1/tracks/3Um9toULmYFGCpvaIPFw7l,https://api.spotify.com/v1/audio-analysis/3Um9toULmYFGCpvaIPFw7l,233000,4,What's Going On,Marvin Gaye
0.719,0.444,7,-11.785,1,0.0952,0.2,0.0,0.0982,0.907,97.136,audio_features,6eDwkS4IHADqk06ssrqfUX,spotify:track:6eDwkS4IHADqk06ssrqfUX,https://api.spotify.com/v1/tracks/6eDwkS4IHADqk06ssrqfUX,https://api.spotify.com/v1/audio-analysis/6eDwkS4IHADqk06ssrqfUX,144360,4,Blister In The Sun,Violent Femmes
0.654,0.39,6,-10.638,0,0.0307,0.00418,0.0069,0.271,0.566,116.572,audio_features,6BT7qiDY4A5tOyklohjQuW,spotify:track:6BT7qiDY4A5tOyklohjQuW,https://api.spotify.com/v1/tracks/6BT7qiDY4A5tOyklohjQuW,https://api.spotify.com/v1/audio-analysis/6BT7qiDY4A5tOyklohjQuW,175333,4,Monkey Gone to Heaven,Pixies
0.251,0.848,5,-6.501,1,0.0579,0.0377,0.00591,0.0545,0.207,163.709,audio_features,6LgJvl0Xdtc73RJ1mmpotq,spotify:track:6LgJvl0Xdtc73RJ1mmpotq,https://api.spotify.com/v1/tracks/6LgJvl0Xdtc73RJ1mmpotq,https://api.spotify.com/v1/audio-analysis/6LgJvl0Xdtc73RJ1mmpotq,387213,4,Paranoid Android,Radiohead
0.619,0.22,0,-13.843,1,0.0672,0.782,1.19e-05,0.124,0.426,75.143,audio_features,3M8FzayQWtkvOhqMn2V4T2,spotify:track:3M8FzayQWtkvOhqMn2V4T2,https://api.spotify.com/v1/tracks/3M8FzayQWtkvOhqMn2V4T2,https://api.spotify.com/v1/audio-analysis/3M8FzayQWtkvOhqMn2V4T2,258835,4,Lean on Me,Bill Withers
0.768,0.497,7,-9.211,1,0.0429,0.0928,0.0,0.157,0.778,113.845,audio_features,6JumfGk4f9E5KLT086I75s,spotify:track:6JumfGk4f9E5KLT086I75s,https://api.spotify.com/v1/tracks/6JumfGk4f9E5KLT086I75s,https://api.spotify.com/v1/audio-analysis/6JumfGk4f9E5KLT086I75s,203760,4,Harlem,Bill Withers
0.708,0.662,7,-12.385,1,0.0314,0.0371,0.000666,0.0745,0.874,103.476,audio_features,5dmlMfZajWNbUskAg9CN3V,spotify:track:5dmlMfZajWNbUskAg9CN3V,https://api.spotify.com/v1/tracks/5dmlMfZajWNbUskAg9CN3V,https://api.spotify.com/v1/audio-analysis/5dmlMfZajWNbUskAg9CN3V,195467,4,Little Green Bag,George Baker Selection
0.537,0.404,2,-11.901,1,0.0292,0.379,2.8e-06,0.234,0.378,84.436,audio_features,2eHuQmecUoD8uSDRAHhAcs,spotify:track:2eHuQmecUoD8uSDRAHhAcs,https://api.spotify.com/v1/tracks/2eHuQmecUoD8uSDRAHhAcs,https://api.spotify.com/v1/audio-analysis/2eHuQmecUoD8uSDRAHhAcs,158107,4,Harvest Moon,Bedlam
0.476,0.585,11,-14.211,0,0.0478,0.107,1.43e-05,0.149,0.523,110.275,audio_features,2zyTP97uGsIc1C4KNNEkyn,spotify:track:2zyTP97uGsIc1C4KNNEkyn,https://api.spotify.com/v1/tracks/2zyTP97uGsIc1C4KNNEkyn,https://api.spotify.com/v1/audio-analysis/2zyTP97uGsIc1C4KNNEkyn,230507,4,Across 110th Street,Bobby Womack
0.553,0.871,9,-10.963,1,0.0952,0.207,0.766,0.322,0.631,135.728,audio_features,48jm3rEZ2gR6mlBDb5aq8k,spotify:track:48jm3rEZ2gR6mlBDb5aq8k,https://api.spotify.com/v1/tracks/48jm3rEZ2gR6mlBDb5aq8k,https://api.spotify.com/v1/audio-analysis/48jm3rEZ2gR6mlBDb5aq8k,147333,4,Bustin' Surfboards,The Tornadoes
0.572,0.599,9,-12.005,1,0.0286,0.149,0.855,0.117,0.856,141.666,audio_features,1Z4hQeA43LFLcgrVGfQ7CC,spotify:track:1Z4hQeA43LFLcgrVGfQ7CC,https://api.spotify.com/v1/tracks/1Z4hQeA43LFLcgrVGfQ7CC,https://api.spotify.com/v1/audio-analysis/1Z4hQeA43LFLcgrVGfQ7CC,199973,4,Surf Rider,The Lively Ones
0.703,0.394,10,-14.976,0,0.0459,0.136,0.0023,0.05,0.825,86.866,audio_features,1gSP2PYlWu3429ySMUjc8s,spotify:track:1gSP2PYlWu3429ySMUjc8s,https://api.spotify.com/v1/tracks/1gSP2PYlWu3429ySMUjc8s,https://api.spotify.com/v1/audio-analysis/1gSP2PYlWu3429ySMUjc8s,383507,4,Soul Shadows - Edit,The Crusaders
0.568,0.701,9,-10.453,1,0.04,0.000613,0.00258,0.17,0.638,120.678,audio_features,7sNhXWrg9eW3qRqeuePaIC,spotify:track:7sNhXWrg9eW3qRqeuePaIC,https://api.spotify.com/v1/tracks/7sNhXWrg9eW3qRqeuePaIC,https://api.spotify.com/v1/audio-analysis/7sNhXWrg9eW3qRqeuePaIC,231640,4,Orange Crush - Remastered 2013,R.E.M.
0.596,0.448,5,-9.616,1,0.0396,0.365,5.3e-06,0.206,0.796,83.293,audio_features,1bp2IO61zbQrbWNmKKxg3f,spotify:track:1bp2IO61zbQrbWNmKKxg3f,https://api.spotify.com/v1/tracks/1bp2IO61zbQrbWNmKKxg3f,https://api.spotify.com/v1/audio-analysis/1bp2IO61zbQrbWNmKKxg3f,264504,4,The Joker,Steve Miller Band
0.429,0.668,4,-7.539,0,0.044,0.208,0.0,0.538,0.398,77.737,audio_features,0WNGPpmWqzPnk0psUhJ3SX,spotify:track:0WNGPpmWqzPnk0psUhJ3SX,https://api.spotify.com/v1/tracks/0WNGPpmWqzPnk0psUhJ3SX,https://api.spotify.com/v1/audio-analysis/0WNGPpmWqzPnk0psUhJ3SX,211067,4,All the Young Dudes,Mott The Hoople
0.623,0.876,11,-7.788,1,0.066,0.0189,0.0134,0.0728,0.515,124.431,audio_features,6S3JlDAGk3uu3NtZbPnuhS,spotify:track:6S3JlDAGk3uu3NtZbPnuhS,https://api.spotify.com/v1/tracks/6S3JlDAGk3uu3NtZbPnuhS,https://api.spotify.com/v1/audio-analysis/6S3JlDAGk3uu3NtZbPnuhS,217347,4,Baby Blue - Remastered 2010,Badfinger
0.45,0.656,2,-7.049,1,0.0472,0.664,3.02e-06,0.259,0.782,106.61,audio_features,3MrWxJaD2AT0W9DjWF64Vm,spotify:track:3MrWxJaD2AT0W9DjWF64Vm,https://api.spotify.com/v1/tracks/3MrWxJaD2AT0W9DjWF64Vm,https://api.spotify.com/v1/audio-analysis/3MrWxJaD2AT0W9DjWF64Vm,287307,4,Come On Eileen,Dexys Midnight Runners
0.618,0.748,0,-8.905,1,0.358,0.0384,4.1e-06,0.0473,0.663,134.114,audio_features,3EYOJ48Et32uATr9ZmLnAo,spotify:track:3EYOJ48Et32uATr9ZmLnAo,https://api.spotify.com/v1/tracks/3EYOJ48Et32uATr9ZmLnAo,https://api.spotify.com/v1/audio-analysis/3EYOJ48Et32uATr9ZmLnAo,191947,4,Roxanne,The Police
0.389,0.396,7,-7.999,1,0.0332,0.887,0.0,0.0828,0.585,171.86,audio_features,52vA3CYKZqZVdQnzRrdZt6,spotify:track:52vA3CYKZqZVdQnzRrdZt6,https://api.spotify.com/v1/tracks/52vA3CYKZqZVdQnzRrdZt6,https://api.spotify.com/v1/audio-analysis/52vA3CYKZqZVdQnzRrdZt6,192053,3,The Times They Are A-Changin',Bob Dylan
0.456,0.767,8,-8.241,1,0.0576,0.399,0.000225,0.105,0.744,163.955,audio_features,0si76EE5TVUriyT02srhrd,spotify:track:0si76EE5TVUriyT02srhrd,https://api.spotify.com/v1/tracks/0si76EE5TVUriyT02srhrd,https://api.spotify.com/v1/audio-analysis/0si76EE5TVUriyT02srhrd,196467,4,Baby Driver,Simon & Garfunkel
0.654,0.506,11,-17.18,0,0.0535,0.686,0.0155,0.155,0.831,123.179,audio_features,54eZmuggBFJbV7k248bTTt,spotify:track:54eZmuggBFJbV7k248bTTt,https://api.spotify.com/v1/tracks/54eZmuggBFJbV7k248bTTt,https://api.spotify.com/v1/audio-analysis/54eZmuggBFJbV7k248bTTt,252240,4,A Horse with No Name,America
0.625,0.877,10,-7.176,0,0.162,0.0315,0.0811,0.672,0.865,192.296,audio_features,2bfGNzdiRa1jXZRdfssSzR,spotify:track:2bfGNzdiRa1jXZRdfssSzR,https://api.spotify.com/v1/tracks/2bfGNzdiRa1jXZRdfssSzR,https://api.spotify.com/v1/audio-analysis/2bfGNzdiRa1jXZRdfssSzR,230426,4,Dirty Harry,Gorillaz
0.818,0.705,6,-6.679,1,0.177,0.00836,0.00233,0.613,0.772,138.559,audio_features,0d28khcov6AiegSCpG5TuT,spotify:track:0d28khcov6AiegSCpG5TuT,https://api.spotify.com/v1/tracks/0d28khcov6AiegSCpG5TuT,https://api.spotify.com/v1/audio-analysis/0d28khcov6AiegSCpG5TuT,222640,4,Feel Good Inc.,Gorillaz
0.356,0.982,4,-1.574,0,0.112,0.713,0.00145,0.941,0.299,95.754,audio_features,21Qsj3cMVCx2xF2EVVNbEu,spotify:track:21Qsj3cMVCx2xF2EVVNbEu,https://api.spotify.com/v1/tracks/21Qsj3cMVCx2xF2EVVNbEu,https://api.spotify.com/v1/audio-analysis/21Qsj3cMVCx2xF2EVVNbEu,110093,4,Fell In Love With a Girl,The White Stripes
0.515,0.565,5,-13.23,1,0.0419,0.0707,0.000347,0.186,0.56,114.142,audio_features,56qx6OC90grYNnqIZ81Wh1,spotify:track:56qx6OC90grYNnqIZ81Wh1,https://api.spotify.com/v1/tracks/56qx6OC90grYNnqIZ81Wh1,https://api.spotify.com/v1/audio-analysis/56qx6OC90grYNnqIZ81Wh1,190467,4,"Girl, You'll Be A Woman Soon",Urge Overkill
0.392,0.629,0,-8.885,1,0.0447,0.562,6.12e-05,0.374,0.539,146.657,audio_features,3igkLltDaiFiMl83IdDBfm,spotify:track:3igkLltDaiFiMl83IdDBfm,https://api.spotify.com/v1/tracks/3igkLltDaiFiMl83IdDBfm,https://api.spotify.com/v1/audio-analysis/3igkLltDaiFiMl83IdDBfm,437040,4,Captain Jack,Billy Joel
0.467,0.988,11,-3.313,1,0.112,0.000152,0.0484,0.28,0.321,130.433,audio_features,70wYA8oYHoMzhRRkARoMhU,spotify:track:70wYA8oYHoMzhRRkARoMhU,https://api.spotify.com/v1/tracks/70wYA8oYHoMzhRRkARoMhU,https://api.spotify.com/v1/audio-analysis/70wYA8oYHoMzhRRkARoMhU,220427,4,When You Were Young,The Killers
0.551,0.814,4,-3.683,1,0.0425,0.00089,1.16e-06,0.18,0.469,130.971,audio_features,6CltzquypraYIlWFp48m1O,spotify:track:6CltzquypraYIlWFp48m1O,https://api.spotify.com/v1/tracks/6CltzquypraYIlWFp48m1O,https://api.spotify.com/v1/audio-analysis/6CltzquypraYIlWFp48m1O,237987,4,Hypersonic Missiles,Sam Fender
0.884,0.37,8,-11.353,1,0.112,0.0188,0.00423,0.026,0.883,109.997,audio_features,5DOYik1z3Of1wAFfY3dYbC,spotify:track:5DOYik1z3Of1wAFfY3dYbC,https://api.spotify.com/v1/tracks/5DOYik1z3Of1wAFfY3dYbC,https://api.spotify.com/v1/audio-analysis/5DOYik1z3Of1wAFfY3dYbC,247507,4,Mr. Wendal,Arrested Development
0.767,0.787,3,-9.897,1,0.0331,0.0163,0.583,0.0513,0.964,126.879,audio_features,5QLHGv0DfpeXLNFo7SFEy1,spotify:track:5QLHGv0DfpeXLNFo7SFEy1,https://api.spotify.com/v1/tracks/5QLHGv0DfpeXLNFo7SFEy1,https://api.spotify.com/v1/audio-analysis/5QLHGv0DfpeXLNFo7SFEy1,266200,4,1979 - Remastered 2012,The Smashing Pumpkins
0.482,0.721,0,-6.839,1,0.0321,0.731,0.0,0.189,0.557,95.263,audio_features,3AhXZa8sUQht0UEdBJgpGc,spotify:track:3AhXZa8sUQht0UEdBJgpGc,https://api.spotify.com/v1/tracks/3AhXZa8sUQht0UEdBJgpGc,https://api.spotify.com/v1/audio-analysis/3AhXZa8sUQht0UEdBJgpGc,369600,4,Like a Rolling Stone,Bob Dylan
0.624,0.93,0,-12.774,1,0.0594,0.125,0.0,0.184,0.593,130.187,audio_features,1b4lRbj8uUoE9OOw1Tql8Q,spotify:track:1b4lRbj8uUoE9OOw1Tql8Q,https://api.spotify.com/v1/tracks/1b4lRbj8uUoE9OOw1Tql8Q,https://api.spotify.com/v1/audio-analysis/1b4lRbj8uUoE9OOw1Tql8Q,299667,4,Prime Time,Don McLean
0.64,0.651,4,-14.981,0,0.0517,0.142,0.28,0.0341,0.801,111.676,audio_features,4c4jJJoaiY21t2TyRZgdWS,spotify:track:4c4jJJoaiY21t2TyRZgdWS,https://api.spotify.com/v1/tracks/4c4jJJoaiY21t2TyRZgdWS,https://api.spotify.com/v1/audio-analysis/4c4jJJoaiY21t2TyRZgdWS,271573,4,Magic Carpet Ride,Steppenwolf
0.486,0.449,5,-10.298,1,0.0267,0.166,2.23e-06,0.54,0.549,100.456,audio_features,0pQskrTITgmCMyr85tb9qq,spotify:track:0pQskrTITgmCMyr85tb9qq,https://api.spotify.com/v1/tracks/0pQskrTITgmCMyr85tb9qq,https://api.spotify.com/v1/audio-analysis/0pQskrTITgmCMyr85tb9qq,254293,4,Starman - 2012 Remaster,David Bowie
0.442,0.943,3,-3.205,1,0.0602,0.00293,8.71e-06,0.091,0.781,85.064,audio_features,6L89mwZXSOwYl76YXfX13s,spotify:track:6L89mwZXSOwYl76YXfX13s,https://api.spotify.com/v1/tracks/6L89mwZXSOwYl76YXfX13s,https://api.spotify.com/v1/audio-analysis/6L89mwZXSOwYl76YXfX13s,181533,4,Basket Case,Green Day
0.485,0.378,3,-11.773,1,0.0337,0.831,0.0,0.103,0.528,92.928,audio_features,4Xl2PrS3DJqqSKXCo6Uhv9,spotify:track:4Xl2PrS3DJqqSKXCo6Uhv9,https://api.spotify.com/v1/tracks/4Xl2PrS3DJqqSKXCo6Uhv9,https://api.spotify.com/v1/audio-analysis/4Xl2PrS3DJqqSKXCo6Uhv9,149613,4,Homeward Bound,Simon & Garfunkel
0.653,0.519,2,-10.164,1,0.0497,0.406,0.0209,0.101,0.822,98.883,audio_features,1qRA5BS78u3gME0loMl9AA,spotify:track:1qRA5BS78u3gME0loMl9AA,https://api.spotify.com/v1/tracks/1qRA5BS78u3gME0loMl9AA,https://api.spotify.com/v1/audio-analysis/1qRA5BS78u3gME0loMl9AA,153693,4,For What It's Worth,Buffalo Springfield
0.381,0.894,7,-8.638,1,0.037,0.0258,0.0,0.0251,0.797,205.528,audio_features,2oSpQ7QtIKTNFfA08Cy0ku,spotify:track:2oSpQ7QtIKTNFfA08Cy0ku,https://api.spotify.com/v1/tracks/2oSpQ7QtIKTNFfA08Cy0ku,https://api.spotify.com/v1/audio-analysis/2oSpQ7QtIKTNFfA08Cy0ku,246933,4,It's The End Of The World As We Know It (And I Feel Fine),R.E.M.
0.666,0.855,9,-5.051,0,0.0295,0.179,1.2e-06,0.0987,0.803,125.639,audio_features,31AOj9sFz2gM0O3hMARRBx,spotify:track:31AOj9sFz2gM0O3hMARRBx,https://api.spotify.com/v1/tracks/31AOj9sFz2gM0O3hMARRBx,https://api.spotify.com/v1/audio-analysis/31AOj9sFz2gM0O3hMARRBx,268427,4,Losing My Religion,R.E.M.
0.552,0.608,1,-9.786,0,0.0345,0.352,0.0,0.0533,0.637,112.367,audio_features,4s6LhHAV5SEsOV0lC2tjvJ,spotify:track:4s6LhHAV5SEsOV0lC2tjvJ,https://api.spotify.com/v1/tracks/4s6LhHAV5SEsOV0lC2tjvJ,https://api.spotify.com/v1/audio-analysis/4s6LhHAV5SEsOV0lC2tjvJ,162373,4,California Dreamin' - Single Version,The Mamas & The Papas
0.356,0.924,1,-3.74,1,0.0808,0.00101,0.0,0.0953,0.232,148.017,audio_features,7oK9VyNzrYvRFo7nQEYkWN,spotify:track:7oK9VyNzrYvRFo7nQEYkWN,https://api.spotify.com/v1/tracks/7oK9VyNzrYvRFo7nQEYkWN,https://api.spotify.com/v1/audio-analysis/7oK9VyNzrYvRFo7nQEYkWN,222587,4,Mr. Brightside,The Killers
0.606,0.457,6,-14.035,0,0.0497,0.713,2.53e-05,0.0747,0.813,92.033,audio_features,0iOZM63lendWRTTeKhZBSC,spotify:track:0iOZM63lendWRTTeKhZBSC,https://api.spotify.com/v1/tracks/0iOZM63lendWRTTeKhZBSC,https://api.spotify.com/v1/audio-analysis/0iOZM63lendWRTTeKhZBSC,244027,4,"Mrs. Robinson - From ""The Graduate"" Soundtrack",Simon & Garfunkel
0.778,0.899,2,-6.552,1,0.0451,0.0028,0.0345,0.0263,0.881,119.995,audio_features,3OOFEF20WqtsUPcRbPY3L7,spotify:track:3OOFEF20WqtsUPcRbPY3L7,https://api.spotify.com/v1/tracks/3OOFEF20WqtsUPcRbPY3L7,https://api.spotify.com/v1/audio-analysis/3OOFEF20WqtsUPcRbPY3L7,204133,4,Short Skirt / Long Jacket,CAKE
0.508,0.774,2,-5.973,1,0.0321,0.0586,4.87e-06,0.063,0.942,178.946,audio_features,20OFwXhEXf12DzwXmaV7fj,spotify:track:20OFwXhEXf12DzwXmaV7fj,https://api.spotify.com/v1/tracks/20OFwXhEXf12DzwXmaV7fj,https://api.spotify.com/v1/audio-analysis/20OFwXhEXf12DzwXmaV7fj,141600,4,Bad Moon Rising,Creedence Clearwater Revival
0.41,0.763,4,-7.904,1,0.338,0.274,1.36e-05,0.0553,0.649,172.295,audio_features,3G19lVvFje61D7q1uG3QjD,spotify:track:3G19lVvFje61D7q1uG3QjD,https://api.spotify.com/v1/tracks/3G19lVvFje61D7q1uG3QjD,https://api.spotify.com/v1/audio-analysis/3G19lVvFje61D7q1uG3QjD,284333,4,Add It Up,Violent Femmes
0.618,0.938,9,-3.442,1,0.0456,0.0179,0.0,0.167,0.875,91.455,audio_features,3ZOEytgrvLwQaqXreDs2Jx,spotify:track:3ZOEytgrvLwQaqXreDs2Jx,https://api.spotify.com/v1/tracks/3ZOEytgrvLwQaqXreDs2Jx,https://api.spotify.com/v1/audio-analysis/3ZOEytgrvLwQaqXreDs2Jx,269000,4,Can't Stop,Red Hot Chili Peppers
0.604,0.844,8,-6.003,1,0.0597,0.000401,0.214,0.0484,0.791,160.318,audio_features,6bVB2MGR7LcotAIB1vfpw6,spotify:track:6bVB2MGR7LcotAIB1vfpw6,https://api.spotify.com/v1/tracks/6bVB2MGR7LcotAIB1vfpw6,https://api.spotify.com/v1/audio-analysis/6bVB2MGR7LcotAIB1vfpw6,270893,4,Ava Adore,The Smashing Pumpkins
0.579,0.508,2,-9.484,1,0.027,0.00574,0.000494,0.0575,0.609,147.125,audio_features,40riOy7x9W7GXjyGp4pjAv,spotify:track:40riOy7x9W7GXjyGp4pjAv,https://api.spotify.com/v1/tracks/40riOy7x9W7GXjyGp4pjAv,https://api.spotify.com/v1/audio-analysis/40riOy7x9W7GXjyGp4pjAv,391376,4,Hotel California - 2013 Remaster,Eagles
0.486,0.963,0,-5.586,0,0.129,0.248,2.39e-06,0.158,0.533,113.133,audio_features,1ntxpzIUbSsizvuAy6lTYY,spotify:track:1ntxpzIUbSsizvuAy6lTYY,https://api.spotify.com/v1/tracks/1ntxpzIUbSsizvuAy6lTYY,https://api.spotify.com/v1/audio-analysis/1ntxpzIUbSsizvuAy6lTYY,146573,4,Crosstown Traffic,Jimi Hendrix
0.333,0.927,9,-8.55,0,0.0733,0.0029,0.000208,0.297,0.385,141.466,audio_features,5QTxFnGygVM4jFQiBovmRo,spotify:track:5QTxFnGygVM4jFQiBovmRo,https://api.spotify.com/v1/tracks/5QTxFnGygVM4jFQiBovmRo,https://api.spotify.com/v1/audio-analysis/5QTxFnGygVM4jFQiBovmRo,308120,4,(Don't Fear) The Reaper,Blue Öyster Cult
0.295,0.584,9,-6.696,0,0.0345,0.000385,0.218,0.0996,0.228,117.2,audio_features,7BY005dacJkbO6EPiOh2wb,spotify:track:7BY005dacJkbO6EPiOh2wb,https://api.spotify.com/v1/tracks/7BY005dacJkbO6EPiOh2wb,https://api.spotify.com/v1/audio-analysis/7BY005dacJkbO6EPiOh2wb,271280,3,House Of The Rising Sun,The Animals
0.755,0.876,0,-8.867,1,0.0362,0.357,5.17e-06,0.22,0.954,102.762,audio_features,6QhXQOpyYvbpdbyjgAqKdY,spotify:track:6QhXQOpyYvbpdbyjgAqKdY,https://api.spotify.com/v1/tracks/6QhXQOpyYvbpdbyjgAqKdY,https://api.spotify.com/v1/audio-analysis/6QhXQOpyYvbpdbyjgAqKdY,174827,4,Cecilia,Simon & Garfunkel
0.552,0.89,8,-3.409,1,0.0342,0.000143,0.0,0.888,0.716,146.525,audio_features,4VgEM12OeaN3GyBV487Me7,spotify:track:4VgEM12OeaN3GyBV487Me7,https://api.spotify.com/v1/tracks/4VgEM12OeaN3GyBV487Me7,https://api.spotify.com/v1/audio-analysis/4VgEM12OeaN3GyBV487Me7,232680,4,Holiday,Green Day
0.563,0.586,11,-10.929,1,0.0407,0.232,0.0,0.268,0.816,80.665,audio_features,669jVNlVxPmrb2kN8YFq1u,spotify:track:669jVNlVxPmrb2kN8YFq1u,https://api.spotify.com/v1/tracks/669jVNlVxPmrb2kN8YFq1u,https://api.spotify.com/v1/audio-analysis/669jVNlVxPmrb2kN8YFq1u,175667,4,Richard Cory,Simon & Garfunkel
0.743,0.47,0,-13.154,1,0.029,0.0936,3.15e-05,0.186,0.89,116.122,audio_features,5DnT9a5IM3eMjKgXTWVJvi,spotify:track:5DnT9a5IM3eMjKgXTWVJvi,https://api.spotify.com/v1/tracks/5DnT9a5IM3eMjKgXTWVJvi,https://api.spotify.com/v1/audio-analysis/5DnT9a5IM3eMjKgXTWVJvi,160333,4,Have You Ever Seen The Rain,Creedence Clearwater Revival
0.475,0.432,7,-7.844,1,0.0302,0.183,0.0,0.161,0.648,94.605,audio_features,6ORqU0bHbVCRjXm9AjyHyZ,spotify:track:6ORqU0bHbVCRjXm9AjyHyZ,https://api.spotify.com/v1/tracks/6ORqU0bHbVCRjXm9AjyHyZ,https://api.spotify.com/v1/audio-analysis/6ORqU0bHbVCRjXm9AjyHyZ,153467,4,Good Riddance (Time of Your Life),Green Day
0.577,0.808,1,-7.04,0,0.039,0.0338,1.33e-05,0.221,0.869,151.008,audio_features,1oYYd2gnWZYrt89EBXdFiO,spotify:track:1oYYd2gnWZYrt89EBXdFiO,https://api.spotify.com/v1/tracks/1oYYd2gnWZYrt89EBXdFiO,https://api.spotify.com/v1/audio-analysis/1oYYd2gnWZYrt89EBXdFiO,290280,4,Message In A Bottle,The Police
0.609,0.617,9,-7.091,1,0.0307,0.0994,0.00404,0.118,0.543,128.903,audio_features,0jvN7eQJJt4nxQzgQfZ1SP,spotify:track:0jvN7eQJJt4nxQzgQfZ1SP,https://api.spotify.com/v1/tracks/0jvN7eQJJt4nxQzgQfZ1SP,https://api.spotify.com/v1/audio-analysis/0jvN7eQJJt4nxQzgQfZ1SP,242893,4,Spirit In The Sky,Norman Greenbaum
0.534,0.803,10,-9.129,1,0.0743,0.741,6.07e-05,0.307,0.969,167.983,audio_features,2QfiRTz5Yc8DdShCxG1tB2,spotify:track:2QfiRTz5Yc8DdShCxG1tB2,https://api.spotify.com/v1/tracks/2QfiRTz5Yc8DdShCxG1tB2,https://api.spotify.com/v1/audio-analysis/2QfiRTz5Yc8DdShCxG1tB2,161560,4,Johnny B. Goode,Chuck Berry
0.438,0.805,8,-6.237,1,0.0624,0.00255,5.69e-05,0.0842,0.564,113.253,audio_features,2aoo2jlRnM3A0NyLQqMN2f,spotify:track:2aoo2jlRnM3A0NyLQqMN2f,https://api.spotify.com/v1/tracks/2aoo2jlRnM3A0NyLQqMN2f,https://api.spotify.com/v1/audio-analysis/2aoo2jlRnM3A0NyLQqMN2f,240800,4,All Along the Watchtower,Jimi Hendrix
0.388,0.338,10,-10.054,1,0.0329,0.652,3.73e-06,0.248,0.478,177.765,audio_features,2RlgNHKcydI9sayD2Df2xp,spotify:track:2RlgNHKcydI9sayD2Df2xp,https://api.spotify.com/v1/tracks/2RlgNHKcydI9sayD2Df2xp,https://api.spotify.com/v1/audio-analysis/2RlgNHKcydI9sayD2Df2xp,303373,4,Mr. Blue Sky,Electric Light Orchestra
0.617,0.717,10,-7.858,0,0.153,0.00564,0.0,0.408,0.49,103.992,audio_features,4fzsfWzRhPawzqhX8Qt9F3,spotify:track:4fzsfWzRhPawzqhX8Qt9F3,https://api.spotify.com/v1/tracks/4fzsfWzRhPawzqhX8Qt9F3,https://api.spotify.com/v1/audio-analysis/4fzsfWzRhPawzqhX8Qt9F3,311867,4,Stronger,Kanye West
0.679,0.754,8,-6.965,1,0.186,0.323,0.0,0.126,0.905,86.993,audio_features,2iaCM7WvOknQI1230hA9eK,spotify:track:2iaCM7WvOknQI1230hA9eK,https://api.spotify.com/v1/tracks/2iaCM7WvOknQI1230hA9eK,https://api.spotify.com/v1/audio-analysis/2iaCM7WvOknQI1230hA9eK,203493,4,Homecoming,Kanye West
0.201,0.777,1,-10.167,1,0.0705,0.304,0.78,0.0981,0.235,145.733,audio_features,5by3w3NXvwDpV9FBSOR35u,spotify:track:5by3w3NXvwDpV9FBSOR35u,https://api.spotify.com/v1/tracks/5by3w3NXvwDpV9FBSOR35u,https://api.spotify.com/v1/audio-analysis/5by3w3NXvwDpV9FBSOR35u,433573,4,Heroin,The Velvet Underground
0.654,0.81,4,-6.26,0,0.0288,0.00719,0.00251,0.165,0.661,114.623,audio_features,2MLHyLy5z5l5YRp7momlgw,spotify:track:2MLHyLy5z5l5YRp7momlgw,https://api.spotify.com/v1/tracks/2MLHyLy5z5l5YRp7momlgw,https://api.spotify.com/v1/audio-analysis/2MLHyLy5z5l5YRp7momlgw,200307,4,Island In The Sun,Weezer
0.487,0.811,8,-7.223,1,0.0432,0.000408,3.83e-05,0.146,0.382,120.124,audio_features,5vkkhwtKWnGkFu3tagE71D,spotify:track:5vkkhwtKWnGkFu3tagE71D,https://api.spotify.com/v1/tracks/5vkkhwtKWnGkFu3tagE71D,https://api.spotify.com/v1/audio-analysis/5vkkhwtKWnGkFu3tagE71D,204933,3,Holiday,Weezer
0.68,0.64,1,-6.691,0,0.0336,0.29,0.00593,0.124,0.738,105.981,audio_features,7JOizhmt3HlBgQyJEa0AgK,spotify:track:7JOizhmt3HlBgQyJEa0AgK,https://api.spotify.com/v1/tracks/7JOizhmt3HlBgQyJEa0AgK,https://api.spotify.com/v1/audio-analysis/7JOizhmt3HlBgQyJEa0AgK,322267,4,Short Change Hero,The Heavy
0.524,0.955,0,-7.081,1,0.0411,0.00717,8.77e-06,0.659,0.869,133.849,audio_features,2ccUQnjjNWT0rsNnsBpsCA,spotify:track:2ccUQnjjNWT0rsNnsBpsCA,https://api.spotify.com/v1/tracks/2ccUQnjjNWT0rsNnsBpsCA,https://api.spotify.com/v1/audio-analysis/2ccUQnjjNWT0rsNnsBpsCA,253733,4,Surrender,Cheap Trick
0.663,0.694,10,-8.627,0,0.171,0.0253,0.0,0.0698,0.525,167.953,audio_features,7yMiX7n9SBvadzox8T5jzT,spotify:track:7yMiX7n9SBvadzox8T5jzT,https://api.spotify.com/v1/tracks/7yMiX7n9SBvadzox8T5jzT,https://api.spotify.com/v1/audio-analysis/7yMiX7n9SBvadzox8T5jzT,340920,4,Clint Eastwood,Gorillaz
0.521,0.301,4,-7.118,0,0.0356,0.836,0.0,0.398,0.621,137.382,audio_features,6EOKwO6WaLal58MSsi6U4W,spotify:track:6EOKwO6WaLal58MSsi6U4W,https://api.spotify.com/v1/tracks/6EOKwO6WaLal58MSsi6U4W,https://api.spotify.com/v1/audio-analysis/6EOKwO6WaLal58MSsi6U4W,125227,4,Eleanor Rigby,The Beatles
0.621,0.524,0,-15.269,1,0.0803,0.0652,0.00199,0.893,0.889,110.586,audio_features,2fDHuS1PTkHBbCWWZF1ph9,spotify:track:2fDHuS1PTkHBbCWWZF1ph9,https://api.spotify.com/v1/tracks/2fDHuS1PTkHBbCWWZF1ph9,https://api.spotify.com/v1/audio-analysis/2fDHuS1PTkHBbCWWZF1ph9,162653,4,"Folsom Prison Blues - Live at Folsom State Prison, Folsom, CA - January 1968",Johnny Cash
0.667,0.692,5,-8.361,1,0.0285,0.147,3.75e-05,0.349,0.846,96.022,audio_features,0jBE7Fn78EAvmIs3dCd6GO,spotify:track:0jBE7Fn78EAvmIs3dCd6GO,https://api.spotify.com/v1/tracks/0jBE7Fn78EAvmIs3dCd6GO,https://api.spotify.com/v1/audio-analysis/0jBE7Fn78EAvmIs3dCd6GO,151333,4,Is This It,The Strokes
0.442,0.529,0,-10.94,1,0.026,0.261,0.0157,0.184,0.749,79.194,audio_features,0ToHhkK4qtwEyKOxhQpMbJ,spotify:track:0ToHhkK4qtwEyKOxhQpMbJ,https://api.spotify.com/v1/tracks/0ToHhkK4qtwEyKOxhQpMbJ,https://api.spotify.com/v1/audio-analysis/0ToHhkK4qtwEyKOxhQpMbJ,183733,4,Ohio,"Crosby, Stills, Nash & Young"
0.556,0.92,8,-4.606,1,0.0367,0.00271,0.00021,0.117,0.771,121.138,audio_features,3mwvKOyMmG77zZRunnxp9E,spotify:track:3mwvKOyMmG77zZRunnxp9E,https://api.spotify.com/v1/tracks/3mwvKOyMmG77zZRunnxp9E,https://api.spotify.com/v1/audio-analysis/3mwvKOyMmG77zZRunnxp9E,159227,4,Buddy Holly,Weezer
0.507,0.537,7,-10.732,1,0.0314,0.0402,1.88e-06,0.181,0.836,127.437,audio_features,5l547qhRU2DTC49o3UNZnf,spotify:track:5l547qhRU2DTC49o3UNZnf,https://api.spotify.com/v1/tracks/5l547qhRU2DTC49o3UNZnf,https://api.spotify.com/v1/audio-analysis/5l547qhRU2DTC49o3UNZnf,202440,4,Out Of Time - Strings Version,The Rolling Stones
0.676,0.703,8,-5.815,0,0.0302,0.0869,0.000687,0.0463,0.852,92.761,audio_features,1foMv2HQwfQ2vntFf9HFeG,spotify:track:1foMv2HQwfQ2vntFf9HFeG,https://api.spotify.com/v1/tracks/1foMv2HQwfQ2vntFf9HFeG,https://api.spotify.com/v1/audio-analysis/1foMv2HQwfQ2vntFf9HFeG,200173,4,Rhinestone Eyes,Gorillaz
0.491,0.583,7,-10.964,1,0.0376,0.185,0.0,0.406,0.908,150.566,audio_features,3yrSvpt2l1xhsV9Em88Pul,spotify:track:3yrSvpt2l1xhsV9Em88Pul,https://api.spotify.com/v1/tracks/3yrSvpt2l1xhsV9Em88Pul,https://api.spotify.com/v1/audio-analysis/3yrSvpt2l1xhsV9Em88Pul,183307,4,Brown Eyed Girl,Van Morrison
0.654,0.773,7,-6.484,0,0.027,0.0123,0.0,0.155,0.677,108.03,audio_features,5beiMMlsINDI5fxRdF0D42,spotify:track:5beiMMlsINDI5fxRdF0D42,https://api.spotify.com/v1/tracks/5beiMMlsINDI5fxRdF0D42,https://api.spotify.com/v1/audio-analysis/5beiMMlsINDI5fxRdF0D42,199067,4,Female of the Species,Space
0.728,0.832,7,-6.827,1,0.267,0.327,0.0,0.504,0.825,95.051,audio_features,5KUNwkaNf8l5A9sXZhiCgI,spotify:track:5KUNwkaNf8l5A9sXZhiCgI,https://api.spotify.com/v1/tracks/5KUNwkaNf8l5A9sXZhiCgI,https://api.spotify.com/v1/audio-analysis/5KUNwkaNf8l5A9sXZhiCgI,172893,4,Rapp Snitch Knishes feat. Mr. Fantastik,MF DOOM
0.515,0.554,7,-11.616,1,0.0784,0.0478,0.0,0.219,0.509,80.146,audio_features,5IyL3XOaRPpTgxVjRIAxXU,spotify:track:5IyL3XOaRPpTgxVjRIAxXU,https://api.spotify.com/v1/tracks/5IyL3XOaRPpTgxVjRIAxXU,https://api.spotify.com/v1/audio-analysis/5IyL3XOaRPpTgxVjRIAxXU,193880,4,Ziggy Stardust - 2012 Remaster,David Bowie
0.702,0.668,9,-9.237,1,0.214,0.518,0.0,0.0588,0.561,116.063,audio_features,1Ud6moTC0KyXMq1Oxfien0,spotify:track:1Ud6moTC0KyXMq1Oxfien0,https://api.spotify.com/v1/tracks/1Ud6moTC0KyXMq1Oxfien0,https://api.spotify.com/v1/audio-analysis/1Ud6moTC0KyXMq1Oxfien0,378147,4,Sympathy For The Devil - 50th Anniversary Edition,The Rolling Stones
0.31,0.403,0,-13.664,1,0.0326,0.0726,9.27e-05,0.139,0.466,134.48,audio_features,72Z17vmmeQKAg8bptWvpVG,spotify:track:72Z17vmmeQKAg8bptWvpVG,https://api.spotify.com/v1/tracks/72Z17vmmeQKAg8bptWvpVG,https://api.spotify.com/v1/audio-analysis/72Z17vmmeQKAg8bptWvpVG,318027,4,Space Oddity - 2015 Remaster,David Bowie
0.46,0.326,7,-10.699,1,0.0417,0.142,1.01e-05,0.0449,0.321,152.531,audio_features,1JIzFhI9Lt5FyslawmHCBi,spotify:track:1JIzFhI9Lt5FyslawmHCBi,https://api.spotify.com/v1/tracks/1JIzFhI9Lt5FyslawmHCBi,https://api.spotify.com/v1/audio-analysis/1JIzFhI9Lt5FyslawmHCBi,283753,3,Five Years - 2012 Remaster,David Bowie
0.63,0.605,0,-8.951,1,0.0414,0.484,9.29e-05,0.298,0.266,115.277,audio_features,5iSEsR6NKjlC9SrIJkyL3k,spotify:track:5iSEsR6NKjlC9SrIJkyL3k,https://api.spotify.com/v1/tracks/5iSEsR6NKjlC9SrIJkyL3k,https://api.spotify.com/v1/audio-analysis/5iSEsR6NKjlC9SrIJkyL3k,295293,4,Pursuit Of Happiness (Nightmare),Kid Cudi
0.671,0.726,7,-8.689,1,0.0272,0.389,0.882,0.14,0.581,102.002,audio_features,393MDhe62s8hbH8ETrlxe5,spotify:track:393MDhe62s8hbH8ETrlxe5,https://api.spotify.com/v1/tracks/393MDhe62s8hbH8ETrlxe5,https://api.spotify.com/v1/audio-analysis/393MDhe62s8hbH8ETrlxe5,294227,4,Mr. Rager,Kid Cudi
0.682,0.9,9,-5.028,1,0.0874,0.0884,0.063,0.0685,0.937,100.721,audio_features,3jfZ9M23l0L7RxzYMTgBTv,spotify:track:3jfZ9M23l0L7RxzYMTgBTv,https://api.spotify.com/v1/tracks/3jfZ9M23l0L7RxzYMTgBTv,https://api.spotify.com/v1/audio-analysis/3jfZ9M23l0L7RxzYMTgBTv,179499,4,Looking Out for You,Joy Again
0.457,0.618,6,-6.682,1,0.0296,0.00114,0.00257,0.0679,0.579,80.184,audio_features,5WhtlIoxoZrMmuaWWEQhwV,spotify:track:5WhtlIoxoZrMmuaWWEQhwV,https://api.spotify.com/v1/tracks/5WhtlIoxoZrMmuaWWEQhwV,https://api.spotify.com/v1/audio-analysis/5WhtlIoxoZrMmuaWWEQhwV,305533,4,Undone - The Sweater Song,Weezer
0.683,0.766,5,-8.733,0,0.041,0.554,0.00346,0.0815,0.568,119.19,audio_features,3sYWyVGfPuit80szWXhrRA,spotify:track:3sYWyVGfPuit80szWXhrRA,https://api.spotify.com/v1/tracks/3sYWyVGfPuit80szWXhrRA,https://api.spotify.com/v1/audio-analysis/3sYWyVGfPuit80szWXhrRA,253907,4,Come As You Are,Nirvana
0.645,0.795,7,-12.095,1,0.0527,0.347,0.00389,0.104,0.535,112.067,audio_features,4RvWPyQ5RL0ao9LPZeSouE,spotify:track:4RvWPyQ5RL0ao9LPZeSouE,https://api.spotify.com/v1/tracks/4RvWPyQ5RL0ao9LPZeSouE,https://api.spotify.com/v1/audio-analysis/4RvWPyQ5RL0ao9LPZeSouE,251489,4,Everybody Wants To Rule The World,Tears For Fears
0.376,0.718,7,-6.7,1,0.246,0.0996,0.00332,0.633,0.615,91.115,audio_features,4BnrGx9tWNF8aiXl1UhDBa,spotify:track:4BnrGx9tWNF8aiXl1UhDBa,https://api.spotify.com/v1/tracks/4BnrGx9tWNF8aiXl1UhDBa,https://api.spotify.com/v1/audio-analysis/4BnrGx9tWNF8aiXl1UhDBa,258587,4,One Beer,MF DOOM
0.656,0.765,9,-8.326,1,0.318,0.709,0.0083,0.0584,0.846,75.609,audio_features,6iB5UGqQpAhnSMdksc9Kau,spotify:track:6iB5UGqQpAhnSMdksc9Kau,https://api.spotify.com/v1/tracks/6iB5UGqQpAhnSMdksc9Kau,https://api.spotify.com/v1/audio-analysis/6iB5UGqQpAhnSMdksc9Kau,231773,4,Apeman - Mono Mix,The Kinks
0.607,0.411,1,-7.566,1,0.0414,0.603,0.000671,0.103,0.412,84.94,audio_features,5cxnSTLzGD1t9xcdmJYFVB,spotify:track:5cxnSTLzGD1t9xcdmJYFVB,https://api.spotify.com/v1/tracks/5cxnSTLzGD1t9xcdmJYFVB,https://api.spotify.com/v1/audio-analysis/5cxnSTLzGD1t9xcdmJYFVB,168307,4,No Children,The Mountain Goats
0.432,0.877,11,-5.614,0,0.0641,0.00342,0.848,0.044,0.632,77.49,audio_features,25Mqcjjl5uGnQ0bGFdBnbK,spotify:track:25Mqcjjl5uGnQ0bGFdBnbK,https://api.spotify.com/v1/tracks/25Mqcjjl5uGnQ0bGFdBnbK,https://api.spotify.com/v1/audio-analysis/25Mqcjjl5uGnQ0bGFdBnbK,221453,4,Bad Voodoo,Kreeps
0.536,0.696,4,-6.818,0,0.0365,0.134,3.17e-06,0.287,0.683,117.179,audio_features,6im4Ks6SWUqwTGp7Cft1e7,spotify:track:6im4Ks6SWUqwTGp7Cft1e7,https://api.spotify.com/v1/tracks/6im4Ks6SWUqwTGp7Cft1e7,https://api.spotify.com/v1/audio-analysis/6im4Ks6SWUqwTGp7Cft1e7,214027,4,Time of the Season,The Zombies
0.533,0.905,2,-5.27,1,0.0754,0.00876,0.578,0.0698,0.486,108.9,audio_features,0wJoRiX5K5BxlqZTolB2LD,spotify:track:0wJoRiX5K5BxlqZTolB2LD,https://api.spotify.com/v1/tracks/0wJoRiX5K5BxlqZTolB2LD,https://api.spotify.com/v1/audio-analysis/0wJoRiX5K5BxlqZTolB2LD,170813,4,Purple Haze,Jimi Hendrix
0.424,0.555,9,-5.45,1,0.0408,0.00164,0.0243,0.462,0.31,122.232,audio_features,2iZEOHx7XZGZUglo3gI9a7,spotify:track:2iZEOHx7XZGZUglo3gI9a7,https://api.spotify.com/v1/tracks/2iZEOHx7XZGZUglo3gI9a7,https://api.spotify.com/v1/audio-analysis/2iZEOHx7XZGZUglo3gI9a7,187627,4,2000 Man - Remastered 2017 / Stereo,The Rolling Stones
0.683,0.63,11,-8.844,1,0.0296,0.363,0.000873,0.314,0.481,102.457,audio_features,1CM1wOqD2AIjt2MWd31LV2,spotify:track:1CM1wOqD2AIjt2MWd31LV2,https://api.spotify.com/v1/tracks/1CM1wOqD2AIjt2MWd31LV2,https://api.spotify.com/v1/audio-analysis/1CM1wOqD2AIjt2MWd31LV2,261440,1,Solsbury Hill,Peter Gabriel
0.613,0.307,2,-17.385,1,0.0414,0.387,4.52e-06,0.087,0.789,117.305,audio_features,1Zi2ezNOqt9y9irC11xYpN,spotify:track:1Zi2ezNOqt9y9irC11xYpN,https://api.spotify.com/v1/tracks/1Zi2ezNOqt9y9irC11xYpN,https://api.spotify.com/v1/audio-analysis/1Zi2ezNOqt9y9irC11xYpN,215827,4,Eve Of Destruction,Barry McGuire
0.671,0.711,2,-7.813,1,0.0478,0.422,0.0,0.104,0.466,113.809,audio_features,11IzgLRXV7Cgek3tEgGgjw,spotify:track:11IzgLRXV7Cgek3tEgGgjw,https://api.spotify.com/v1/tracks/11IzgLRXV7Cgek3tEgGgjw,https://api.spotify.com/v1/audio-analysis/11IzgLRXV7Cgek3tEgGgjw,248440,4,Under Pressure - Remastered 2011,Queen
0.535,0.65,10,-6.328,1,0.0554,0.379,0.0,0.14,0.61,117.188,audio_features,7GqWnsKhMtEW0nzki5o0d8,spotify:track:7GqWnsKhMtEW0nzki5o0d8,https://api.spotify.com/v1/tracks/7GqWnsKhMtEW0nzki5o0d8,https://api.spotify.com/v1/audio-analysis/7GqWnsKhMtEW0nzki5o0d8,179600,4,Killer Queen - Remastered 2011,Queen
0.492,0.675,6,-5.456,1,0.0389,0.467,0.0,0.142,0.478,203.759,audio_features,7K3BhSpAxZBznislvUMVtn,spotify:track:7K3BhSpAxZBznislvUMVtn,https://api.spotify.com/v1/tracks/7K3BhSpAxZBznislvUMVtn,https://api.spotify.com/v1/audio-analysis/7K3BhSpAxZBznislvUMVtn,163855,4,Last Night,Morgan Wallen
0.707,0.681,0,-4.325,1,0.0668,0.0632,5.15e-06,0.0322,0.646,117.999,audio_features,0yLdNVWF3Srea0uzk55zFn,spotify:track:0yLdNVWF3Srea0uzk55zFn,https://api.spotify.com/v1/tracks/0yLdNVWF3Srea0uzk55zFn,https://api.spotify.com/v1/audio-analysis/0yLdNVWF3Srea0uzk55zFn,200455,4,Flowers,Miley Cyrus
0.712,0.603,8,-5.52,1,0.0262,0.186,0.0,0.115,0.67,97.994,audio_features,1Lo0QY9cvc8sUB2vnIOxDT,spotify:track:1Lo0QY9cvc8sUB2vnIOxDT,https://api.spotify.com/v1/tracks/1Lo0QY9cvc8sUB2vnIOxDT,https://api.spotify.com/v1/audio-analysis/1Lo0QY9cvc8sUB2vnIOxDT,265493,4,Fast Car,Luke Combs
0.801,0.806,11,-5.206,1,0.0381,0.382,0.000669,0.114,0.802,106.999,audio_features,0WtM2NBVQNNJLh6scP13H8,spotify:track:0WtM2NBVQNNJLh6scP13H8,https://api.spotify.com/v1/tracks/0WtM2NBVQNNJLh6scP13H8,https://api.spotify.com/v1/audio-analysis/0WtM2NBVQNNJLh6scP13H8,239318,4,Calm Down (with Selena Gomez),Rema
0.829,0.436,3,-8.205,1,0.327,0.15,0.0,0.0954,0.693,143.031,audio_features,6HgWWaMu31KdOpEG5l28BG,spotify:track:6HgWWaMu31KdOpEG5l28BG,https://api.spotify.com/v1/tracks/6HgWWaMu31KdOpEG5l28BG,https://api.spotify.com/v1/audio-analysis/6HgWWaMu31KdOpEG5l28BG,223204,4,All My Life (feat. J. Cole),Lil Durk
0.816,0.367,2,-9.354,1,0.0588,0.314,0.0,0.0987,0.413,116.035,audio_features,1SRw5p2lVAi7RGlHEmZg66,spotify:track:1SRw5p2lVAi7RGlHEmZg66,https://api.spotify.com/v1/tracks/1SRw5p2lVAi7RGlHEmZg66,https://api.spotify.com/v1/audio-analysis/1SRw5p2lVAi7RGlHEmZg66,208630,4,Favorite Song,Toosii
0.644,0.728,8,-5.75,1,0.0351,0.0543,0.169,0.161,0.43,88.993,audio_features,3OHfY25tqY28d16oZczHc8,spotify:track:3OHfY25tqY28d16oZczHc8,https://api.spotify.com/v1/tracks/3OHfY25tqY28d16oZczHc8,https://api.spotify.com/v1/audio-analysis/3OHfY25tqY28d16oZczHc8,153947,4,Kill Bill,SZA
0.715,0.62,1,-6.005,0,0.0484,0.417,0.0,0.0822,0.172,97.95,audio_features,2dHHgzDwk4BJdRwy9uXhTO,spotify:track:2dHHgzDwk4BJdRwy9uXhTO,https://api.spotify.com/v1/tracks/2dHHgzDwk4BJdRwy9uXhTO,https://api.spotify.com/v1/audio-analysis/2dHHgzDwk4BJdRwy9uXhTO,221520,4,Creepin' (with The Weeknd & 21 Savage),Metro Boomin
0.615,0.616,8,-6.523,1,0.0622,0.0623,0.0,0.579,0.0734,89.977,audio_features,4i6cwNY6oIUU2XZxPIw82Y,spotify:track:4i6cwNY6oIUU2XZxPIw82Y,https://api.spotify.com/v1/tracks/4i6cwNY6oIUU2XZxPIw82Y,https://api.spotify.com/v1/audio-analysis/4i6cwNY6oIUU2XZxPIw82Y,201493,4,Karma (feat. Ice Spice),Taylor Swift
0.668,0.758,5,-5.176,0,0.0332,0.483,1.89e-05,0.0837,0.834,147.989,audio_features,3dnP0JxCgygwQH9Gm7q7nb,spotify:track:3dnP0JxCgygwQH9Gm7q7nb,https://api.spotify.com/v1/tracks/3dnP0JxCgygwQH9Gm7q7nb,https://api.spotify.com/v1/audio-analysis/3dnP0JxCgygwQH9Gm7q7nb,165671,3,Ella Baila Sola,Eslabon Armado
0.684,0.607,11,-8.127,0,0.1,0.0267,0.000307,0.191,0.498,81.001,audio_features,0JXXNGljqupsJaZsgSbMZV,spotify:track:0JXXNGljqupsJaZsgSbMZV,https://api.spotify.com/v1/tracks/0JXXNGljqupsJaZsgSbMZV,https://api.spotify.com/v1/audio-analysis/0JXXNGljqupsJaZsgSbMZV,195373,4,Sure Thing,Miguel
0.638,0.634,4,-6.582,1,0.0457,0.133,1.23e-06,0.152,0.519,96.953,audio_features,02Zkkf2zMkwRGQjZ7T4p8f,spotify:track:02Zkkf2zMkwRGQjZ7T4p8f,https://api.spotify.com/v1/tracks/02Zkkf2zMkwRGQjZ7T4p8f,https://api.spotify.com/v1/audio-analysis/02Zkkf2zMkwRGQjZ7T4p8f,200690,4,Anti-Hero,Taylor Swift
0.531,0.525,1,-6.5,0,0.0671,0.232,0.0,0.441,0.502,66.9,audio_features,7oDd86yk8itslrA9HRP2ki,spotify:track:7oDd86yk8itslrA9HRP2ki,https://api.spotify.com/v1/tracks/7oDd86yk8itslrA9HRP2ki,https://api.spotify.com/v1/audio-analysis/7oDd86yk8itslrA9HRP2ki,232857,4,Die For You - Remix,The Weeknd
0.369,0.192,4,-12.151,0,0.04,0.555,8.35e-06,0.0954,0.148,175.212,audio_features,3WMj8moIAXJhHsyLaqIIHI,spotify:track:3WMj8moIAXJhHsyLaqIIHI,https://api.spotify.com/v1/tracks/3WMj8moIAXJhHsyLaqIIHI,https://api.spotify.com/v1/audio-analysis/3WMj8moIAXJhHsyLaqIIHI,228013,3,Something in the Orange,Zach Bryan
0.559,0.551,5,-7.231,1,0.132,0.141,0.0,0.11,0.392,143.008,audio_features,4iZ4pt7kvcaH6Yo8UoZ4s2,spotify:track:4iZ4pt7kvcaH6Yo8UoZ4s2,https://api.spotify.com/v1/tracks/4iZ4pt7kvcaH6Yo8UoZ4s2,https://api.spotify.com/v1/audio-analysis/4iZ4pt7kvcaH6Yo8UoZ4s2,201800,4,Snooze,SZA
0.812,0.479,2,-5.678,0,0.333,0.213,1.21e-06,0.0756,0.559,169.922,audio_features,2UW7JaomAMuX9pZrjVpHAU,spotify:track:2UW7JaomAMuX9pZrjVpHAU,https://api.spotify.com/v1/tracks/2UW7JaomAMuX9pZrjVpHAU,https://api.spotify.com/v1/audio-analysis/2UW7JaomAMuX9pZrjVpHAU,234353,4,La Bebe - Remix,Yng Lvcas
0.652,0.8,9,-4.019,0,0.0614,0.143,0.629,0.112,0.234,143.978,audio_features,7ro0hRteUMfnOioTFI5TG1,spotify:track:7ro0hRteUMfnOioTFI5TG1,https://api.spotify.com/v1/tracks/7ro0hRteUMfnOioTFI5TG1,https://api.spotify.com/v1/audio-analysis/7ro0hRteUMfnOioTFI5TG1,231704,4,WHERE SHE GOES,Bad Bunny
0.569,0.724,6,-4.076,0,0.0474,0.228,0.0,0.27,0.562,83.118,audio_features,6pD0ufEQq0xdHSsRbg9LBK,spotify:track:6pD0ufEQq0xdHSsRbg9LBK,https://api.spotify.com/v1/tracks/6pD0ufEQq0xdHSsRbg9LBK,https://api.spotify.com/v1/audio-analysis/6pD0ufEQq0xdHSsRbg9LBK,194563,4,un x100to,Grupo Frontera
0.504,0.771,6,-4.231,1,0.0319,0.0123,1.89e-05,0.078,0.555,157.985,audio_features,5jUOG0aeAofL5u3UWyrtDO,spotify:track:5jUOG0aeAofL5u3UWyrtDO,https://api.spotify.com/v1/tracks/5jUOG0aeAofL5u3UWyrtDO,https://api.spotify.com/v1/audio-analysis/5jUOG0aeAofL5u3UWyrtDO,197400,4,Need A Favor,Jelly Roll
0.817,0.44,10,-8.482,0,0.0734,0.0603,1.42e-06,0.33,0.544,142.024,audio_features,7aRCf5cLOFN1U7kvtChY1G,spotify:track:7aRCf5cLOFN1U7kvtChY1G,https://api.spotify.com/v1/tracks/7aRCf5cLOFN1U7kvtChY1G,https://api.spotify.com/v1/audio-analysis/7aRCf5cLOFN1U7kvtChY1G,272113,4,Search & Rescue,Drake
0.731,0.85,9,-4.913,1,0.0336,0.252,0.0,0.605,0.644,119.706,audio_features,5uU1uuyaUIBOiiUSQG7Wl3,spotify:track:5uU1uuyaUIBOiiUSQG7Wl3,https://api.spotify.com/v1/tracks/5uU1uuyaUIBOiiUSQG7Wl3,https://api.spotify.com/v1/audio-analysis/5uU1uuyaUIBOiiUSQG7Wl3,157478,4,You Proof,Morgan Wallen
0.656,0.757,3,-5.775,0,0.0308,0.492,0.0,0.117,0.429,139.971,audio_features,0PAcdVzhPO4gq1Iym9ESnK,spotify:track:0PAcdVzhPO4gq1Iym9ESnK,https://api.spotify.com/v1/tracks/0PAcdVzhPO4gq1Iym9ESnK,https://api.spotify.com/v1/audio-analysis/0PAcdVzhPO4gq1Iym9ESnK,177388,4,Thinkin’ Bout Me,Morgan Wallen
0.498,0.897,2,-4.907,1,0.045,0.00136,0.0,0.118,0.373,169.902,audio_features,5w40ZYhbBMAlHYNDaVJIUu,spotify:track:5w40ZYhbBMAlHYNDaVJIUu,https://api.spotify.com/v1/tracks/5w40ZYhbBMAlHYNDaVJIUu,https://api.spotify.com/v1/audio-analysis/5w40ZYhbBMAlHYNDaVJIUu,184013,4,Chemical,Post Malone
0.77,0.661,2,-8.199,1,0.0336,0.652,0.0,0.383,0.943,120.053,audio_features,4dKa5ZzlGqUy3Wo0yaXKNI,spotify:track:4dKa5ZzlGqUy3Wo0yaXKNI,https://api.spotify.com/v1/tracks/4dKa5ZzlGqUy3Wo0yaXKNI,https://api.spotify.com/v1/audio-analysis/4dKa5ZzlGqUy3Wo0yaXKNI,174253,4,Cupid,FIFTY FIFTY
0.582,0.568,1,-7.3,1,0.0275,0.577,0.0,0.105,0.394,121.991,audio_features,4686eQ81DEswHa90bcdlC9,spotify:track:4686eQ81DEswHa90bcdlC9,https://api.spotify.com/v1/tracks/4686eQ81DEswHa90bcdlC9,https://api.spotify.com/v1/audio-analysis/4686eQ81DEswHa90bcdlC9,207541,3,Rock and A Hard Place,Bailey Zimmerman
0.777,0.526,2,-6.221,1,0.0645,0.302,0.0,0.105,0.389,107.071,audio_features,07bsRv0pcpbG4zJeLsUs1p,spotify:track:07bsRv0pcpbG4zJeLsUs1p,https://api.spotify.com/v1/tracks/07bsRv0pcpbG4zJeLsUs1p,https://api.spotify.com/v1/audio-analysis/07bsRv0pcpbG4zJeLsUs1p,194849,4,Eyes Closed,Ed Sheeran
0.696,0.809,5,-8.254,1,0.05,0.252,0.000128,0.248,0.857,132.962,audio_features,6AQbmUe0Qwf5PZnt4HmTXv,spotify:track:6AQbmUe0Qwf5PZnt4HmTXv,https://api.spotify.com/v1/tracks/6AQbmUe0Qwf5PZnt4HmTXv,https://api.spotify.com/v1/audio-analysis/6AQbmUe0Qwf5PZnt4HmTXv,131013,4,Boy's a Liar Pt. 2,PinkPantheress
0.557,0.597,5,-8.296,1,0.048,0.646,0.0,0.0974,0.414,78.526,audio_features,2lNTHWu2I5Tcz9ukWsV5Jj,spotify:track:2lNTHWu2I5Tcz9ukWsV5Jj,https://api.spotify.com/v1/tracks/2lNTHWu2I5Tcz9ukWsV5Jj,https://api.spotify.com/v1/audio-analysis/2lNTHWu2I5Tcz9ukWsV5Jj,175238,4,Next Thing You Know,Jordan Davis
0.849,0.614,1,-7.323,1,0.317,0.0282,0.0,0.0603,0.472,111.363,audio_features,6c6WmIHcHlhccEwSFBhzNa,spotify:track:6c6WmIHcHlhccEwSFBhzNa,https://api.spotify.com/v1/tracks/6c6WmIHcHlhccEwSFBhzNa,https://api.spotify.com/v1/audio-analysis/6c6WmIHcHlhccEwSFBhzNa,185748,5,Put It On Da Floor Again (feat. Cardi B),Latto
0.529,0.695,6,-6.174,1,0.0278,0.488,1.24e-05,0.142,0.514,139.993,audio_features,6NHpyYvJyQsg2nXXzGYc2R,spotify:track:6NHpyYvJyQsg2nXXzGYc2R,https://api.spotify.com/v1/tracks/6NHpyYvJyQsg2nXXzGYc2R,https://api.spotify.com/v1/audio-analysis/6NHpyYvJyQsg2nXXzGYc2R,215572,4,Thought You Should Know,Morgan Wallen
0.561,0.965,7,-3.673,0,0.0343,0.00383,7.07e-06,0.371,0.304,128.04,audio_features,4uUG5RXrOk84mYEfFvj3cK,spotify:track:4uUG5RXrOk84mYEfFvj3cK,https://api.spotify.com/v1/tracks/4uUG5RXrOk84mYEfFvj3cK,https://api.spotify.com/v1/audio-analysis/4uUG5RXrOk84mYEfFvj3cK,175238,4,I'm Good (Blue),David Guetta
0.671,0.845,11,-4.93,0,0.048,0.0207,0.0,0.329,0.775,110.056,audio_features,1vYXt7VSjH9JIM5oRRo7vA,spotify:track:1vYXt7VSjH9JIM5oRRo7vA,https://api.spotify.com/v1/tracks/1vYXt7VSjH9JIM5oRRo7vA,https://api.spotify.com/v1/audio-analysis/1vYXt7VSjH9JIM5oRRo7vA,176579,4,Dance The Night (From Barbie The Album),Dua Lipa
0.823,0.388,1,-10.867,1,0.491,0.0187,0.0,0.0876,0.507,154.569,audio_features,7sliFe6W30tPBPh6dvZsIH,spotify:track:7sliFe6W30tPBPh6dvZsIH,https://api.spotify.com/v1/tracks/7sliFe6W30tPBPh6dvZsIH,https://api.spotify.com/v1/audio-analysis/7sliFe6W30tPBPh6dvZsIH,139326,4,Area Codes,Kaliii
0.655,0.869,7,-4.807,1,0.0633,0.00408,0.0,0.104,0.541,114.984,audio_features,6Z1bV93BP95h4YjIavrQPf,spotify:track:6Z1bV93BP95h4YjIavrQPf,https://api.spotify.com/v1/tracks/6Z1bV93BP95h4YjIavrQPf,https://api.spotify.com/v1/audio-analysis/6Z1bV93BP95h4YjIavrQPf,179645,4,Dancin’ In The Country,Tyler Hubbard
0.613,0.914,7,-5.153,1,0.03,0.00522,2.21e-06,0.26,0.916,141.978,audio_features,1rXq0uoV4KTgRN64jXzIxo,spotify:track:1rXq0uoV4KTgRN64jXzIxo,https://api.spotify.com/v1/tracks/1rXq0uoV4KTgRN64jXzIxo,https://api.spotify.com/v1/audio-analysis/1rXq0uoV4KTgRN64jXzIxo,206865,4,One Thing At A Time,Morgan Wallen
0.645,0.8,6,-4.272,1,0.0363,0.0189,1.12e-05,0.0858,0.375,118.977,audio_features,5kB6WithhB8Iv08EMNmAbt,spotify:track:5kB6WithhB8Iv08EMNmAbt,https://api.spotify.com/v1/tracks/5kB6WithhB8Iv08EMNmAbt,https://api.spotify.com/v1/audio-analysis/5kB6WithhB8Iv08EMNmAbt,172480,4,Memory Lane,Old Dominion
0.854,0.668,5,-7.848,0,0.0466,0.264,5.61e-05,0.117,0.805,132.966,audio_features,5AqiaZwhmC6dIbgWrD5SzV,spotify:track:5AqiaZwhmC6dIbgWrD5SzV,https://api.spotify.com/v1/tracks/5AqiaZwhmC6dIbgWrD5SzV,https://api.spotify.com/v1/audio-analysis/5AqiaZwhmC6dIbgWrD5SzV,187660,3,"Peso Pluma: Bzrp Music Sessions, Vol. 55",Bizarrap
0.38,0.488,9,-6.637,1,0.029,0.126,7.23e-06,0.115,0.268,156.031,audio_features,3fl4zil6HJ0N1FL3YIRwdC,spotify:track:3fl4zil6HJ0N1FL3YIRwdC,https://api.spotify.com/v1/tracks/3fl4zil6HJ0N1FL3YIRwdC,https://api.spotify.com/v1/audio-analysis/3fl4zil6HJ0N1FL3YIRwdC,223120,3,Tennessee Orange,Megan Moroney
0.552,0.702,9,-5.707,1,0.157,0.117,2.06e-05,0.105,0.564,169.994,audio_features,1BxfuPKGuaTgP7aM0Bbdwr,spotify:track:1BxfuPKGuaTgP7aM0Bbdwr,https://api.spotify.com/v1/tracks/1BxfuPKGuaTgP7aM0Bbdwr,https://api.spotify.com/v1/audio-analysis/1BxfuPKGuaTgP7aM0Bbdwr,178427,4,Cruel Summer,Taylor Swift
0.786,0.853,5,-4.955,0,0.0589,0.273,0.0,0.106,0.963,125.107,audio_features,368eeEO3Y2uZUQ6S5oIjcu,spotify:track:368eeEO3Y2uZUQ6S5oIjcu,https://api.spotify.com/v1/tracks/368eeEO3Y2uZUQ6S5oIjcu,https://api.spotify.com/v1/audio-analysis/368eeEO3Y2uZUQ6S5oIjcu,157252,3,TQM,Fuerza Regida
0.756,0.582,11,-7.726,1,0.0343,0.0592,0.0,0.161,0.605,134.07,audio_features,1fXnu2HzxbDtoyvFPWG3Bw,spotify:track:1fXnu2HzxbDtoyvFPWG3Bw,https://api.spotify.com/v1/tracks/1fXnu2HzxbDtoyvFPWG3Bw,https://api.spotify.com/v1/audio-analysis/1fXnu2HzxbDtoyvFPWG3Bw,218489,4,Stand By Me (feat. Morgan Wallen),Lil Durk
0.57,0.67,1,-6.519,1,0.0274,0.426,0.0,0.108,0.593,140.924,audio_features,0ec7EBr0mjWO6J7TRr09bN,spotify:track:0ec7EBr0mjWO6J7TRr09bN,https://api.spotify.com/v1/tracks/0ec7EBr0mjWO6J7TRr09bN,https://api.spotify.com/v1/audio-analysis/0ec7EBr0mjWO6J7TRr09bN,178723,4,Religiously,Bailey Zimmerman
0.693,0.595,8,-7.578,1,0.0311,0.0969,0.0,0.113,0.646,112.02,audio_features,0caJ2wkqp4UmXBwdR2JvB5,spotify:track:0caJ2wkqp4UmXBwdR2JvB5,https://api.spotify.com/v1/tracks/0caJ2wkqp4UmXBwdR2JvB5,https://api.spotify.com/v1/audio-analysis/0caJ2wkqp4UmXBwdR2JvB5,213817,4,Dial Drunk,Noah Kahan
0.733,0.69,9,-5.529,0,0.0427,0.0635,1.18e-06,0.105,0.31,116.992,audio_features,5IgjP7X4th6nMNDh4akUHb,spotify:track:5IgjP7X4th6nMNDh4akUHb,https://api.spotify.com/v1/tracks/5IgjP7X4th6nMNDh4akUHb,https://api.spotify.com/v1/audio-analysis/5IgjP7X4th6nMNDh4akUHb,184613,4,Under The Influence,Chris Brown
0.954,0.516,6,-5.817,1,0.16,0.03,7.54e-06,0.0504,0.624,105.001,audio_features,6UN73IYd0hZxLi8wFPMQij,spotify:track:6UN73IYd0hZxLi8wFPMQij,https://api.spotify.com/v1/tracks/6UN73IYd0hZxLi8wFPMQij,https://api.spotify.com/v1/audio-analysis/6UN73IYd0hZxLi8wFPMQij,139560,4,Players,Coi Leray
0.631,0.535,0,-7.836,1,0.0842,0.464,0.0,0.115,0.22,140.127,audio_features,5rurggqwwudn9clMdcchxT,spotify:track:5rurggqwwudn9clMdcchxT,https://api.spotify.com/v1/tracks/5rurggqwwudn9clMdcchxT,https://api.spotify.com/v1/audio-analysis/5rurggqwwudn9clMdcchxT,219453,4,"Calling (Spider-Man: Across the Spider-Verse) (Metro Boomin & Swae Lee, NAV, feat. A Boogie Wit da Hoodie)",Metro Boomin
0.611,0.483,11,-6.216,0,0.055,0.214,0.0,0.124,0.204,145.983,audio_features,39MK3d3fonIP8Mz9oHCTBB,spotify:track:39MK3d3fonIP8Mz9oHCTBB,https://api.spotify.com/v1/tracks/39MK3d3fonIP8Mz9oHCTBB,https://api.spotify.com/v1/audio-analysis/39MK3d3fonIP8Mz9oHCTBB,231747,4,"Annihilate (Spider-Man: Across the Spider-Verse) (Metro Boomin & Swae Lee, Lil Wayne, Offset)",Metro Boomin
0.617,0.589,7,-5.978,1,0.0345,0.0268,0.0,0.378,0.566,92.991,audio_features,5IAESfJjmOYu7cHyX557kz,spotify:track:5IAESfJjmOYu7cHyX557kz,https://api.spotify.com/v1/tracks/5IAESfJjmOYu7cHyX557kz,https://api.spotify.com/v1/audio-analysis/5IAESfJjmOYu7cHyX557kz,229953,4,Take Two,BTS
0.532,0.489,4,-7.419,1,0.0311,0.149,0.0,0.237,0.32,139.807,audio_features,3qXsX3mYSsD1DmAvc3PE3N,spotify:track:3qXsX3mYSsD1DmAvc3PE3N,https://api.spotify.com/v1/tracks/3qXsX3mYSsD1DmAvc3PE3N,https://api.spotify.com/v1/audio-analysis/3qXsX3mYSsD1DmAvc3PE3N,229627,4,Love You Anyway,Luke Combs
0.738,0.455,3,-8.735,1,0.0352,0.695,0.0,0.107,0.441,99.945,audio_features,1brnLTvarI9D1hLP6z2Ar8,spotify:track:1brnLTvarI9D1hLP6z2Ar8,https://api.spotify.com/v1/tracks/1brnLTvarI9D1hLP6z2Ar8,https://api.spotify.com/v1/audio-analysis/1brnLTvarI9D1hLP6z2Ar8,174560,4,Thank God,Kane Brown
0.599,0.526,9,-7.812,0,0.0385,0.0408,0.00256,0.209,0.134,90.018,audio_features,6Ec5LeRzkisa5KJtwLfOoW,spotify:track:6Ec5LeRzkisa5KJtwLfOoW,https://api.spotify.com/v1/tracks/6Ec5LeRzkisa5KJtwLfOoW,https://api.spotify.com/v1/audio-analysis/6Ec5LeRzkisa5KJtwLfOoW,256027,4,"Am I Dreaming (Metro Boomin & A$AP Rocky, Roisee)",Metro Boomin
0.898,0.676,9,-5.196,1,0.187,0.14,0.0,0.101,0.742,147.991,audio_features,0ZxhtATQ0a6EvQNZ0z6NKV,spotify:track:0ZxhtATQ0a6EvQNZ0z6NKV,https://api.spotify.com/v1/tracks/0ZxhtATQ0a6EvQNZ0z6NKV,https://api.spotify.com/v1/audio-analysis/0ZxhtATQ0a6EvQNZ0z6NKV,172125,4,Princess Diana (with Nicki Minaj),Ice Spice
0.782,0.812,0,-6.613,1,0.0469,0.567,0.00045,0.101,0.7,122.063,audio_features,6n2P81rPk2RTzwnNNgFOdb,spotify:track:6n2P81rPk2RTzwnNNgFOdb,https://api.spotify.com/v1/tracks/6n2P81rPk2RTzwnNNgFOdb,https://api.spotify.com/v1/audio-analysis/6n2P81rPk2RTzwnNNgFOdb,212976,3,Bye,Peso Pluma
0.775,0.298,9,-9.351,1,0.0517,0.211,0.000233,0.132,0.0472,120.091,audio_features,0AAMnNeIc6CdnfNU85GwCH,spotify:track:0AAMnNeIc6CdnfNU85GwCH,https://api.spotify.com/v1/tracks/0AAMnNeIc6CdnfNU85GwCH,https://api.spotify.com/v1/audio-analysis/0AAMnNeIc6CdnfNU85GwCH,189467,4,Self Love (Spider-Man: Across the Spider-Verse) (Metro Boomin & Coi Leray),Metro Boomin
0.516,0.752,7,-5.09,1,0.0333,0.00528,3.78e-05,0.251,0.482,105.007,audio_features,4aSRUXfKuBbmje0eXNukuL,spotify:track:4aSRUXfKuBbmje0eXNukuL,https://api.spotify.com/v1/tracks/4aSRUXfKuBbmje0eXNukuL,https://api.spotify.com/v1/audio-analysis/4aSRUXfKuBbmje0eXNukuL,171880,4,It Matters To Her,Scotty McCreery
0.508,0.43,2,-9.475,0,0.0335,0.83,0.000441,0.093,0.324,130.09,audio_features,1odExI7RdWc4BT515LTAwj,spotify:track:1odExI7RdWc4BT515LTAwj,https://api.spotify.com/v1/tracks/1odExI7RdWc4BT515LTAwj,https://api.spotify.com/v1/audio-analysis/1odExI7RdWc4BT515LTAwj,212954,4,Daylight,David Kushner
0.784,0.826,7,-6.34,0,0.0538,0.0965,7.09e-05,0.123,0.893,138.078,audio_features,2mpoNBkngUEwnaKoBhZ0vl,spotify:track:2mpoNBkngUEwnaKoBhZ0vl,https://api.spotify.com/v1/tracks/2mpoNBkngUEwnaKoBhZ0vl,https://api.spotify.com/v1/audio-analysis/2mpoNBkngUEwnaKoBhZ0vl,184066,3,PRC,Peso Pluma
0.807,0.595,0,-7.19,1,0.0325,0.31,2.44e-05,0.0735,0.392,92.491,audio_features,2VzCjpKvPB1l1tqLndtAQa,spotify:track:2VzCjpKvPB1l1tqLndtAQa,https://api.spotify.com/v1/tracks/2VzCjpKvPB1l1tqLndtAQa,https://api.spotify.com/v1/audio-analysis/2VzCjpKvPB1l1tqLndtAQa,239845,4,Por las Noches,Peso Pluma
0.596,0.651,9,-4.604,1,0.0331,0.0971,0.0,0.279,0.255,73.959,audio_features,0gWrMbx6pbdH3n3nsLjE55,spotify:track:0gWrMbx6pbdH3n3nsLjE55,https://api.spotify.com/v1/tracks/0gWrMbx6pbdH3n3nsLjE55,https://api.spotify.com/v1/audio-analysis/0gWrMbx6pbdH3n3nsLjE55,147819,4,Mourning,Post Malone
0.731,0.744,1,-5.77,0,0.174,0.109,0.0,0.123,0.727,171.859,audio_features,1O8zCu3dLLPxkbGfIsbRgE,spotify:track:1O8zCu3dLLPxkbGfIsbRgE,https://api.spotify.com/v1/tracks/1O8zCu3dLLPxkbGfIsbRgE,https://api.spotify.com/v1/audio-analysis/1O8zCu3dLLPxkbGfIsbRgE,223344,4,What It Is (Block Boy) (with Kodak Black),Doechii
0.558,0.559,6,-9.222,1,0.0959,0.371,7.49e-06,0.109,0.62,78.558,audio_features,7KA4W4McWYRpgf0fWsJZWB,spotify:track:7KA4W4McWYRpgf0fWsJZWB,https://api.spotify.com/v1/tracks/7KA4W4McWYRpgf0fWsJZWB,https://api.spotify.com/v1/audio-analysis/7KA4W4McWYRpgf0fWsJZWB,180387,4,See You Again (feat. Kali Uchis),"Tyler, The Creator"
0.839,0.65,4,-3.38,0,0.212,0.666,0.0,0.126,0.7,90.015,audio_features,2oMjKuKUEJFuLiVmTq7Vjx,spotify:track:2oMjKuKUEJFuLiVmTq7Vjx,https://api.spotify.com/v1/tracks/2oMjKuKUEJFuLiVmTq7Vjx,https://api.spotify.com/v1/audio-analysis/2oMjKuKUEJFuLiVmTq7Vjx,198360,4,TQG,KAROL G
0.558,0.648,9,-7.081,0,0.055,0.226,7.76e-06,0.0986,0.844,143.876,audio_features,1haJsMtoBhHfvuM7XWuT3W,spotify:track:1haJsMtoBhHfvuM7XWuT3W,https://api.spotify.com/v1/tracks/1haJsMtoBhHfvuM7XWuT3W,https://api.spotify.com/v1/audio-analysis/1haJsMtoBhHfvuM7XWuT3W,187226,3,El Azul,Junior H
0.376,0.835,2,-5.824,0,0.0655,0.0118,3.71e-06,0.471,0.511,160.069,audio_features,4EKH0ajMHXTkq4ztWuztVH,spotify:track:4EKH0ajMHXTkq4ztWuztVH,https://api.spotify.com/v1/tracks/4EKH0ajMHXTkq4ztWuztVH,https://api.spotify.com/v1/audio-analysis/4EKH0ajMHXTkq4ztWuztVH,242307,4,Bury Me in Georgia,Kane Brown
0.729,0.763,10,-4.407,1,0.0363,0.033,1e-06,0.192,0.864,126.002,audio_features,5iE3eUH2WGCXcE2xr6DEmU,spotify:track:5iE3eUH2WGCXcE2xr6DEmU,https://api.spotify.com/v1/tracks/5iE3eUH2WGCXcE2xr6DEmU,https://api.spotify.com/v1/audio-analysis/5iE3eUH2WGCXcE2xr6DEmU,145441,4,Waffle House,Jonas Brothers
0.555,0.88,0,-4.351,0,0.0535,0.0803,0.0,0.174,0.422,144.076,audio_features,2BLlpdGCv0IErmH3OBGHYJ,spotify:track:2BLlpdGCv0IErmH3OBGHYJ,https://api.spotify.com/v1/tracks/2BLlpdGCv0IErmH3OBGHYJ,https://api.spotify.com/v1/audio-analysis/2BLlpdGCv0IErmH3OBGHYJ,187941,4,"You, Me, And Whiskey",Justin Moore
0.639,0.713,5,-4.368,0,0.0337,0.0539,0.0,0.102,0.717,86.1,audio_features,7ETjhPaIU4UmHOiimJBZz9,spotify:track:7ETjhPaIU4UmHOiimJBZz9,https://api.spotify.com/v1/tracks/7ETjhPaIU4UmHOiimJBZz9,https://api.spotify.com/v1/audio-analysis/7ETjhPaIU4UmHOiimJBZz9,161200,4,Your Heart Or Mine,Jon Pardi
0.847,0.988,9,-0.517,1,0.103,0.283,0.000942,0.345,0.699,115.057,audio_features,7uSLF2yhpjLlYBLtyPX3Lb,spotify:track:7uSLF2yhpjLlYBLtyPX3Lb,https://api.spotify.com/v1/tracks/7uSLF2yhpjLlYBLtyPX3Lb,https://api.spotify.com/v1/audio-analysis/7uSLF2yhpjLlYBLtyPX3Lb,223174,4,PLEBADA,El Alfa
0.624,0.766,8,-3.805,1,0.0359,0.199,8.62e-06,0.156,0.37,172.08,audio_features,7fveJ3pk1eSfxBdVkzdXZ0,spotify:track:7fveJ3pk1eSfxBdVkzdXZ0,https://api.spotify.com/v1/tracks/7fveJ3pk1eSfxBdVkzdXZ0,https://api.spotify.com/v1/audio-analysis/7fveJ3pk1eSfxBdVkzdXZ0,181621,4,Cowgirls (feat. ERNEST),Morgan Wallen
0.584,0.453,8,-6.682,1,0.0661,0.753,0.0,0.111,0.328,124.913,audio_features,58cMDjQSUdWJUgFmHxRhjt,spotify:track:58cMDjQSUdWJUgFmHxRhjt,https://api.spotify.com/v1/tracks/58cMDjQSUdWJUgFmHxRhjt,https://api.spotify.com/v1/audio-analysis/58cMDjQSUdWJUgFmHxRhjt,241624,3,ICU,Coco Jones
0.602,0.91,7,-3.404,1,0.0308,0.00126,0.000174,0.12,0.228,127.944,audio_features,3BKD1PwArikchz2Zrlp1qi,spotify:track:3BKD1PwArikchz2Zrlp1qi,https://api.spotify.com/v1/tracks/3BKD1PwArikchz2Zrlp1qi,https://api.spotify.com/v1/audio-analysis/3BKD1PwArikchz2Zrlp1qi,140018,4,Baby Don't Hurt Me,David Guetta
0.852,0.675,1,-6.271,1,0.197,0.0652,3.74e-05,0.36,0.83,99.012,audio_features,5xP9lQYA8YQmQh6BOxcAnR,spotify:track:5xP9lQYA8YQmQh6BOxcAnR,https://api.spotify.com/v1/tracks/5xP9lQYA8YQmQh6BOxcAnR,https://api.spotify.com/v1/audio-analysis/5xP9lQYA8YQmQh6BOxcAnR,215467,4,Popular (with Playboi Carti & Madonna) - The Idol Vol. 1 (Music from the HBO Original Series),The Weeknd
0.938,0.606,6,-6.396,0,0.419,0.117,0.0,0.528,0.706,121.108,audio_features,5BmB3OaQyYXCqRyN8iR2Yi,spotify:track:5BmB3OaQyYXCqRyN8iR2Yi,https://api.spotify.com/v1/tracks/5BmB3OaQyYXCqRyN8iR2Yi,https://api.spotify.com/v1/audio-analysis/5BmB3OaQyYXCqRyN8iR2Yi,123673,4,SLUT ME OUT,NLE Choppa
0.911,0.536,4,-7.884,0,0.282,0.00897,3.73e-06,0.111,0.584,146.014,audio_features,1KUZ33cOqk3X4Ezk0aZnVp,spotify:track:1KUZ33cOqk3X4Ezk0aZnVp,https://api.spotify.com/v1/tracks/1KUZ33cOqk3X4Ezk0aZnVp,https://api.spotify.com/v1/audio-analysis/1KUZ33cOqk3X4Ezk0aZnVp,203813,4,Peaches & Eggplants (feat. 21 Savage),Young Nudy
0.784,0.7,1,-5.289,1,0.0396,0.0112,1.76e-05,0.163,0.204,126.015,audio_features,6l8mgVN9Xf1hiDIFGA6CTE,spotify:track:6l8mgVN9Xf1hiDIFGA6CTE,https://api.spotify.com/v1/tracks/6l8mgVN9Xf1hiDIFGA6CTE,https://api.spotify.com/v1/audio-analysis/6l8mgVN9Xf1hiDIFGA6CTE,260962,4,AMERICA HAS A PROBLEM (feat. Kendrick Lamar),Beyoncé
0.634,0.538,0,-9.213,1,0.0603,0.0514,0.0,0.099,0.152,168.029,audio_features,7l6nGz4gp6HGs5Cvmdeqe4,spotify:track:7l6nGz4gp6HGs5Cvmdeqe4,https://api.spotify.com/v1/tracks/7l6nGz4gp6HGs5Cvmdeqe4,https://api.spotify.com/v1/audio-analysis/7l6nGz4gp6HGs5Cvmdeqe4,160714,5,Fight The Feeling,Rod Wave
0.641,0.803,6,-5.781,0,0.0286,0.00232,3.86e-06,0.361,0.671,121.086,audio_features,2YVlDlk2zRceefo6XlC6DX,spotify:track:2YVlDlk2zRceefo6XlC6DX,https://api.spotify.com/v1/tracks/2YVlDlk2zRceefo6XlC6DX,https://api.spotify.com/v1/audio-analysis/2YVlDlk2zRceefo6XlC6DX,158004,4,Ain’t That Some,Morgan Wallen
0.783,0.768,11,-8.471,0,0.157,0.00198,0.0,0.171,0.267,143.071,audio_features,3FhZPYvMGSjFc6boVYKlCv,spotify:track:3FhZPYvMGSjFc6boVYKlCv,https://api.spotify.com/v1/tracks/3FhZPYvMGSjFc6boVYKlCv,https://api.spotify.com/v1/audio-analysis/3FhZPYvMGSjFc6boVYKlCv,124806,4,SHAKE SUMN,DaBaby
0.852,0.675,2,-5.738,1,0.0363,0.397,0.00317,0.0905,0.528,132.005,audio_features,5RcxRGvmYai7kpFSfxe5GY,spotify:track:5RcxRGvmYai7kpFSfxe5GY,https://api.spotify.com/v1/tracks/5RcxRGvmYai7kpFSfxe5GY,https://api.spotify.com/v1/audio-analysis/5RcxRGvmYai7kpFSfxe5GY,201993,3,Chanel,Becky G
0.573,0.422,10,-7.621,0,0.0678,0.551,1.31e-05,0.102,0.693,124.357,audio_features,26b3oVLrRUaaybJulow9kz,spotify:track:26b3oVLrRUaaybJulow9kz,https://api.spotify.com/v1/tracks/26b3oVLrRUaaybJulow9kz,https://api.spotify.com/v1/audio-analysis/26b3oVLrRUaaybJulow9kz,184791,5,People,Libianca
0.803,0.649,9,-4.294,0,0.213,0.111,0.0,0.111,0.135,85.037,audio_features,6GoVUO5vla1JtUj2rq9Yl4,spotify:track:6GoVUO5vla1JtUj2rq9Yl4,https://api.spotify.com/v1/tracks/6GoVUO5vla1JtUj2rq9Yl4,https://api.spotify.com/v1/audio-analysis/6GoVUO5vla1JtUj2rq9Yl4,226360,4,bread & butter,Gunna
0.636,0.888,8,-3.889,1,0.0945,0.00162,0.000216,0.147,0.25,122.032,audio_features,4FWbsd91QSvgr1dSWwW51e,spotify:track:4FWbsd91QSvgr1dSWwW51e,https://api.spotify.com/v1/tracks/4FWbsd91QSvgr1dSWwW51e,https://api.spotify.com/v1/audio-analysis/4FWbsd91QSvgr1dSWwW51e,237200,4,TRUSTFALL,P!nk
0.605,0.726,6,-4.515,1,0.0309,0.365,0.0,0.112,0.393,149.918,audio_features,4JdSXF2p71cr8uCY3UiJM0,spotify:track:4JdSXF2p71cr8uCY3UiJM0,https://api.spotify.com/v1/tracks/4JdSXF2p71cr8uCY3UiJM0,https://api.spotify.com/v1/audio-analysis/4JdSXF2p71cr8uCY3UiJM0,160518,4,Frágil,Yahritza Y Su Esencia
0.672,0.782,5,-6.499,1,0.0421,0.148,4.73e-06,0.296,0.239,106.026,audio_features,3xYJScVfxByb61dYHTwiby,spotify:track:3xYJScVfxByb61dYHTwiby,https://api.spotify.com/v1/tracks/3xYJScVfxByb61dYHTwiby,https://api.spotify.com/v1/audio-analysis/3xYJScVfxByb61dYHTwiby,234467,4,Hits Different,Taylor Swift
0.496,0.593,4,-5.154,1,0.0285,0.0476,0.0,0.0909,0.177,91.038,audio_features,3AAY8YicetRPlDAkibHLiS,spotify:track:3AAY8YicetRPlDAkibHLiS,https://api.spotify.com/v1/tracks/3AAY8YicetRPlDAkibHLiS,https://api.spotify.com/v1/audio-analysis/3AAY8YicetRPlDAkibHLiS,185933,4,Jaded,Miley Cyrus
0.637,0.634,2,-8.126,1,0.426,0.174,0.0,0.149,0.49,178.037,audio_features,6IEXjer2qbXhRLFv99NQQv,spotify:track:6IEXjer2qbXhRLFv99NQQv,https://api.spotify.com/v1/tracks/6IEXjer2qbXhRLFv99NQQv,https://api.spotify.com/v1/audio-analysis/6IEXjer2qbXhRLFv99NQQv,194048,4,Pound Town 2 (feat. Nicki Minaj & Tay Keith),Sexyy Red
0.962,0.619,10,-5.562,0,0.405,0.0354,0.0,0.083,0.154,127.958,audio_features,5m0yZ33oOy0yYBtdTXuxQe,spotify:track:5m0yZ33oOy0yYBtdTXuxQe,https://api.spotify.com/v1/tracks/5m0yZ33oOy0yYBtdTXuxQe,https://api.spotify.com/v1/audio-analysis/5m0yZ33oOy0yYBtdTXuxQe,144652,4,Low Down,Lil Baby
0.896,0.581,11,-6.293,1,0.242,0.0334,0.0,0.0941,0.544,133.957,audio_features,6dNOefmb6Lgl5vNtJsSajt,spotify:track:6dNOefmb6Lgl5vNtJsSajt,https://api.spotify.com/v1/tracks/6dNOefmb6Lgl5vNtJsSajt,https://api.spotify.com/v1/audio-analysis/6dNOefmb6Lgl5vNtJsSajt,164776,4,Ocean Spray,Moneybagg Yo
0.662,0.77,0,-4.887,1,0.0367,0.0875,0.0,0.35,0.769,132.057,audio_features,73NzYbpaYvQ7JfpjztFESL,spotify:track:73NzYbpaYvQ7JfpjztFESL,https://api.spotify.com/v1/tracks/73NzYbpaYvQ7JfpjztFESL,https://api.spotify.com/v1/audio-analysis/73NzYbpaYvQ7JfpjztFESL,167535,4,TRUCK BED,HARDY
0.639,0.723,7,-6.462,0,0.0532,0.511,0.0,0.167,0.878,136.872,audio_features,2i2gDpKKWjvnRTOZRhaPh2,spotify:track:2i2gDpKKWjvnRTOZRhaPh2,https://api.spotify.com/v1/tracks/2i2gDpKKWjvnRTOZRhaPh2,https://api.spotify.com/v1/audio-analysis/2i2gDpKKWjvnRTOZRhaPh2,187558,4,Moonlight,Kali Uchis
0.571,0.549,1,-7.38,0,0.404,0.18,0.0,0.168,0.447,119.497,audio_features,5wG3HvLhF6Y5KTGlK0IW3J,spotify:track:5wG3HvLhF6Y5KTGlK0IW3J,https://api.spotify.com/v1/tracks/5wG3HvLhF6Y5KTGlK0IW3J,https://api.spotify.com/v1/audio-analysis/5wG3HvLhF6Y5KTGlK0IW3J,194787,4,Trance (with Travis Scott & Young Thug),Metro Boomin
0.774,0.549,9,-7.297,0,0.154,0.178,0.00151,0.22,0.28,135.016,audio_features,0B6g379TMw0nYGXA7y5xHz,spotify:track:0B6g379TMw0nYGXA7y5xHz,https://api.spotify.com/v1/tracks/0B6g379TMw0nYGXA7y5xHz,https://api.spotify.com/v1/audio-analysis/0B6g379TMw0nYGXA7y5xHz,245240,4,"All The Way Live (Spider-Man: Across the Spider-Verse) (Metro Boomin & Future, Lil Uzi Vert)",Metro Boomin
0.814,0.606,1,-6.378,1,0.243,0.0166,0.0,0.125,0.208,150.005,audio_features,1h6w4POXM2LfG4ZD4xUfZQ,spotify:track:1h6w4POXM2LfG4ZD4xUfZQ,https://api.spotify.com/v1/tracks/1h6w4POXM2LfG4ZD4xUfZQ,https://api.spotify.com/v1/audio-analysis/1h6w4POXM2LfG4ZD4xUfZQ,204800,4,The Hillbillies,Baby Keem
0.736,0.8,7,-5.38,0,0.0525,0.179,0.0,0.0498,0.961,140.253,audio_features,3kf0WdFOalKWBkCCLJo4mA,spotify:track:3kf0WdFOalKWBkCCLJo4mA,https://api.spotify.com/v1/tracks/3kf0WdFOalKWBkCCLJo4mA,https://api.spotify.com/v1/audio-analysis/3kf0WdFOalKWBkCCLJo4mA,112087,3,El Gordo Trae El Mando,Chino Pacas
0.684,0.671,7,-4.392,0,0.0464,0.189,2.37e-05,0.122,0.156,88.048,audio_features,2Hh3ETdQKrmSI3QS0hme7g,spotify:track:2Hh3ETdQKrmSI3QS0hme7g,https://api.spotify.com/v1/tracks/2Hh3ETdQKrmSI3QS0hme7g,https://api.spotify.com/v1/audio-analysis/2Hh3ETdQKrmSI3QS0hme7g,199920,4,Too Many Nights (feat. Don Toliver & with Future),Metro Boomin
0.677,0.404,0,-9.552,1,0.027,0.653,0.0,0.249,0.355,83.087,audio_features,1rnYNAJPAb586NhetosdNW,spotify:track:1rnYNAJPAb586NhetosdNW,https://api.spotify.com/v1/tracks/1rnYNAJPAb586NhetosdNW,https://api.spotify.com/v1/audio-analysis/1rnYNAJPAb586NhetosdNW,240723,3,Save Me,Jelly Roll
0.783,0.729,6,-3.549,0,0.0691,0.0492,0.000272,0.1,0.58,167.968,audio_features,2oiixB9QMIzhWaHGVlQx4g,spotify:track:2oiixB9QMIzhWaHGVlQx4g,https://api.spotify.com/v1/tracks/2oiixB9QMIzhWaHGVlQx4g,https://api.spotify.com/v1/audio-analysis/2oiixB9QMIzhWaHGVlQx4g,216148,4,Yandel 150,Yandel
0.768,0.644,5,-6.671,0,0.136,0.736,0.000837,0.173,0.53,95.05,audio_features,609E1JCInJncactoMmkDon,spotify:track:609E1JCInJncactoMmkDon,https://api.spotify.com/v1/tracks/609E1JCInJncactoMmkDon,https://api.spotify.com/v1/audio-analysis/609E1JCInJncactoMmkDon,194543,4,BESO,ROSALÍA
0.682,0.809,2,-3.755,1,0.0414,0.0836,4.74e-05,0.082,0.788,143.979,audio_features,4w9lk0Nyj7kuDxlL5PZVlv,spotify:track:4w9lk0Nyj7kuDxlL5PZVlv,https://api.spotify.com/v1/tracks/4w9lk0Nyj7kuDxlL5PZVlv,https://api.spotify.com/v1/audio-analysis/4w9lk0Nyj7kuDxlL5PZVlv,181767,4,I Wrote The Book,Morgan Wallen
0.586,0.595,6,-7.851,1,0.127,0.459,0.00681,0.254,0.256,81.405,audio_features,6HexNTb392JS071DoTGo0y,spotify:track:6HexNTb392JS071DoTGo0y,https://api.spotify.com/v1/tracks/6HexNTb392JS071DoTGo0y,https://api.spotify.com/v1/audio-analysis/6HexNTb392JS071DoTGo0y,319493,4,Hummingbird (Metro Boomin & James Blake),Metro Boomin
0.511,0.532,5,-5.745,1,0.056,0.169,0.0,0.311,0.322,137.827,audio_features,3k79jB4aGmMDUQzEwa46Rz,spotify:track:3k79jB4aGmMDUQzEwa46Rz,https://api.spotify.com/v1/tracks/3k79jB4aGmMDUQzEwa46Rz,https://api.spotify.com/v1/audio-analysis/3k79jB4aGmMDUQzEwa46Rz,219724,4,vampire,Olivia Rodrigo
0.668,0.758,5,-5.176,0,0.0332,0.483,1.89e-05,0.0837,0.834,147.989,audio_features,3qQbCzHBycnDpGskqOWY0E,spotify:track:3qQbCzHBycnDpGskqOWY0E,https://api.spotify.com/v1/tracks/3qQbCzHBycnDpGskqOWY0E,https://api.spotify.com/v1/audio-analysis/3qQbCzHBycnDpGskqOWY0E,165671,3,Ella Baila Sola,Eslabon Armado
0.64,0.609,1,-7.714,0,0.304,0.492,2.47e-06,0.152,0.393,131.889,audio_features,4daEMLSZCgZ2Mt7gNm2SRa,spotify:track:4daEMLSZCgZ2Mt7gNm2SRa,https://api.spotify.com/v1/tracks/4daEMLSZCgZ2Mt7gNm2SRa,https://api.spotify.com/v1/audio-analysis/4daEMLSZCgZ2Mt7gNm2SRa,192727,4,Flooded The Face,Lil Uzi Vert
0.707,0.681,0,-4.325,1,0.0668,0.0632,5.15e-06,0.0322,0.646,117.999,audio_features,4DHcnVTT87F0zZhRPYmZ3B,spotify:track:4DHcnVTT87F0zZhRPYmZ3B,https://api.spotify.com/v1/tracks/4DHcnVTT87F0zZhRPYmZ3B,https://api.spotify.com/v1/audio-analysis/4DHcnVTT87F0zZhRPYmZ3B,200455,4,Flowers,Miley Cyrus
0.646,0.736,5,-7.118,0,0.0449,0.216,0.0,0.415,0.873,140.098,audio_features,7mXuWTczZNxG5EDcjFEuJR,spotify:track:7mXuWTczZNxG5EDcjFEuJR,https://api.spotify.com/v1/tracks/7mXuWTczZNxG5EDcjFEuJR,https://api.spotify.com/v1/audio-analysis/7mXuWTczZNxG5EDcjFEuJR,212878,3,LADY GAGA,Peso Pluma
0.805,0.707,6,-3.758,0,0.0353,0.142,3.71e-05,0.563,0.744,122.014,audio_features,4eMKD8MRroxCqugpsxCCNb,spotify:track:4eMKD8MRroxCqugpsxCCNb,https://api.spotify.com/v1/tracks/4eMKD8MRroxCqugpsxCCNb,https://api.spotify.com/v1/audio-analysis/4eMKD8MRroxCqugpsxCCNb,228197,4,MOJABI GHOST,Tainy
0.777,0.604,9,-4.452,0,0.0397,0.000713,5.64e-05,0.151,0.121,111.998,audio_features,2Hc1LaV6bzFil3dE71eORA,spotify:track:2Hc1LaV6bzFil3dE71eORA,https://api.spotify.com/v1/tracks/2Hc1LaV6bzFil3dE71eORA,https://api.spotify.com/v1/audio-analysis/2Hc1LaV6bzFil3dE71eORA,207836,4,Aye (feat. Travis Scott),Lil Uzi Vert
0.538,0.783,11,-2.565,0,0.222,0.0113,0.0,0.281,0.553,75.388,audio_features,3fDTzkvrOo5xQIO480Qmsb,spotify:track:3fDTzkvrOo5xQIO480Qmsb,https://api.spotify.com/v1/tracks/3fDTzkvrOo5xQIO480Qmsb,https://api.spotify.com/v1/audio-analysis/3fDTzkvrOo5xQIO480Qmsb,259080,4,Suicide Doors,Lil Uzi Vert
0.52,0.731,6,-5.338,0,0.0557,0.342,0.00101,0.311,0.662,173.93,audio_features,4Dvkj6JhhA12EX05fT7y2e,spotify:track:4Dvkj6JhhA12EX05fT7y2e,https://api.spotify.com/v1/tracks/4Dvkj6JhhA12EX05fT7y2e,https://api.spotify.com/v1/audio-analysis/4Dvkj6JhhA12EX05fT7y2e,167303,4,As It Was,Harry Styles
0.644,0.735,8,-5.747,1,0.0391,0.0521,0.144,0.161,0.418,88.98,audio_features,1Qrg8KqiBpW07V7PNxwwwL,spotify:track:1Qrg8KqiBpW07V7PNxwwwL,https://api.spotify.com/v1/tracks/1Qrg8KqiBpW07V7PNxwwwL,https://api.spotify.com/v1/audio-analysis/1Qrg8KqiBpW07V7PNxwwwL,153947,4,Kill Bill,SZA
0.783,0.592,11,-8.332,0,0.0331,0.435,4.15e-06,0.347,0.726,120.018,audio_features,7FbrGaHYVDmfr7KoLIZnQ7,spotify:track:7FbrGaHYVDmfr7KoLIZnQ7,https://api.spotify.com/v1/tracks/7FbrGaHYVDmfr7KoLIZnQ7,https://api.spotify.com/v1/audio-analysis/7FbrGaHYVDmfr7KoLIZnQ7,174253,4,Cupid - Twin Ver.,FIFTY FIFTY
0.916,0.583,1,-8.067,1,0.241,0.186,0.0,0.0798,0.661,141.095,audio_features,2FDTHlrBguDzQkp7PVj16Q,spotify:track:2FDTHlrBguDzQkp7PVj16Q,https://api.spotify.com/v1/tracks/2FDTHlrBguDzQkp7PVj16Q,https://api.spotify.com/v1/audio-analysis/2FDTHlrBguDzQkp7PVj16Q,226383,4,Sprinter,Dave
0.785,0.863,7,-4.599,0,0.0893,0.0883,0.0,0.0929,0.962,130.132,audio_features,1UMm1Qs3u59Wvk53zBUE8r,spotify:track:1UMm1Qs3u59Wvk53zBUE8r,https://api.spotify.com/v1/tracks/1UMm1Qs3u59Wvk53zBUE8r,https://api.spotify.com/v1/audio-analysis/1UMm1Qs3u59Wvk53zBUE8r,156501,3,SABOR FRESA,Fuerza Regida
0.811,0.771,9,-5.956,0,0.0461,0.00551,0.0,0.0932,0.903,127.888,audio_features,1oWkcc7hQdVYPQMyQ6AFov,spotify:track:1oWkcc7hQdVYPQMyQ6AFov,https://api.spotify.com/v1/tracks/1oWkcc7hQdVYPQMyQ6AFov,https://api.spotify.com/v1/audio-analysis/1oWkcc7hQdVYPQMyQ6AFov,190667,3,Mi Bello Angel,Natanael Cano
0.784,0.646,11,-3.626,1,0.0491,0.0978,1.09e-06,0.255,0.592,127.942,audio_features,2NFadq6pUeiVEihLvUlOSr,spotify:track:2NFadq6pUeiVEihLvUlOSr,https://api.spotify.com/v1/tracks/2NFadq6pUeiVEihLvUlOSr,https://api.spotify.com/v1/audio-analysis/2NFadq6pUeiVEihLvUlOSr,204048,4,"Rauw Alejandro: Bzrp Music Sessions, Vol. 56",Bizarrap
0.859,0.658,11,-4.79,1,0.159,0.145,0.0,0.12,0.672,100.065,audio_features,6XSqqQIy7Lm7SnwxS4NrGx,spotify:track:6XSqqQIy7Lm7SnwxS4NrGx,https://api.spotify.com/v1/tracks/6XSqqQIy7Lm7SnwxS4NrGx,https://api.spotify.com/v1/audio-analysis/6XSqqQIy7Lm7SnwxS4NrGx,195987,4,Classy 101,Feid
0.731,0.605,1,-5.01,1,0.19,0.067,7.7e-06,0.177,0.413,132.946,audio_features,41bmnQZoDMQdDh5zyomtW7,spotify:track:41bmnQZoDMQdDh5zyomtW7,https://api.spotify.com/v1/tracks/41bmnQZoDMQdDh5zyomtW7,https://api.spotify.com/v1/audio-analysis/41bmnQZoDMQdDh5zyomtW7,216704,4,Endless Fashion (feat. Nicki Minaj),Lil Uzi Vert
0.799,0.802,11,-5.196,1,0.0371,0.429,0.00128,0.171,0.811,107.008,audio_features,1s7oOCT8vauUh01PbJD6ps,spotify:track:1s7oOCT8vauUh01PbJD6ps,https://api.spotify.com/v1/tracks/1s7oOCT8vauUh01PbJD6ps,https://api.spotify.com/v1/audio-analysis/1s7oOCT8vauUh01PbJD6ps,239318,4,Calm Down (with Selena Gomez),Rema
0.72,0.63,4,-3.547,0,0.277,0.673,0.0,0.0936,0.607,179.974,audio_features,0DWdj2oZMBFSzRsi2Cvfzf,spotify:track:0DWdj2oZMBFSzRsi2Cvfzf,https://api.spotify.com/v1/tracks/0DWdj2oZMBFSzRsi2Cvfzf,https://api.spotify.com/v1/audio-analysis/0DWdj2oZMBFSzRsi2Cvfzf,199440,4,TQG,KAROL G
0.613,0.797,7,-5.564,0,0.299,0.0185,0.0,0.279,0.336,145.011,audio_features,11pn4LFXCIXyprWQk8RSlM,spotify:track:11pn4LFXCIXyprWQk8RSlM,https://api.spotify.com/v1/tracks/11pn4LFXCIXyprWQk8RSlM,https://api.spotify.com/v1/audio-analysis/11pn4LFXCIXyprWQk8RSlM,165589,4,Crush Em,Lil Uzi Vert
0.747,0.629,9,-8.509,0,0.0363,0.328,0.00409,0.154,0.793,127.819,audio_features,3RA55zrRkyPK8Fd86hrMy8,spotify:track:3RA55zrRkyPK8Fd86hrMy8,https://api.spotify.com/v1/tracks/3RA55zrRkyPK8Fd86hrMy8,https://api.spotify.com/v1/audio-analysis/3RA55zrRkyPK8Fd86hrMy8,163552,3,LUNA,Peso Pluma
0.755,0.522,2,-4.368,1,0.0575,0.533,0.0,0.0685,0.925,89.96,audio_features,0RiRZpuVRbi7oqRdSMwhQY,spotify:track:0RiRZpuVRbi7oqRdSMwhQY,https://api.spotify.com/v1/tracks/0RiRZpuVRbi7oqRdSMwhQY,https://api.spotify.com/v1/audio-analysis/0RiRZpuVRbi7oqRdSMwhQY,157560,4,Sunflower - Spider-Man: Into the Spider-Verse,Post Malone
0.464,0.417,0,-9.345,0,0.0256,0.136,0.022,0.0974,0.479,67.528,audio_features,5XeFesFbtLpXzIVDNQP22n,spotify:track:5XeFesFbtLpXzIVDNQP22n,https://api.spotify.com/v1/tracks/5XeFesFbtLpXzIVDNQP22n,https://api.spotify.com/v1/audio-analysis/5XeFesFbtLpXzIVDNQP22n,183956,4,I Wanna Be Yours,Arctic Monkeys
0.672,0.642,5,-4.035,1,0.0313,0.0981,0.0,0.1,0.494,121.981,audio_features,1daDRI9ahBonbWD8YcxOIB,spotify:track:1daDRI9ahBonbWD8YcxOIB,https://api.spotify.com/v1/tracks/1daDRI9ahBonbWD8YcxOIB,https://api.spotify.com/v1/audio-analysis/1daDRI9ahBonbWD8YcxOIB,196453,4,Angels Like You,Miley Cyrus
0.847,0.622,1,-6.747,0,0.0903,0.119,0.0,0.285,0.22,130.001,audio_features,4rXLjWdF2ZZpXCVTfWcshS,spotify:track:4rXLjWdF2ZZpXCVTfWcshS,https://api.spotify.com/v1/tracks/4rXLjWdF2ZZpXCVTfWcshS,https://api.spotify.com/v1/audio-analysis/4rXLjWdF2ZZpXCVTfWcshS,125040,4,fukumean,Gunna
0.637,0.643,4,-6.571,1,0.0519,0.13,1.8e-06,0.142,0.533,97.008,audio_features,0V3wPSX9ygBnCm8psDIegu,spotify:track:0V3wPSX9ygBnCm8psDIegu,https://api.spotify.com/v1/tracks/0V3wPSX9ygBnCm8psDIegu,https://api.spotify.com/v1/audio-analysis/0V3wPSX9ygBnCm8psDIegu,200690,4,Anti-Hero,Taylor Swift
0.813,0.682,0,-3.598,1,0.0402,0.107,0.0,0.108,0.634,120.011,audio_features,1Hs1uUl8o2VtDp1DABFq0O,spotify:track:1Hs1uUl8o2VtDp1DABFq0O,https://api.spotify.com/v1/tracks/1Hs1uUl8o2VtDp1DABFq0O,https://api.spotify.com/v1/audio-analysis/1Hs1uUl8o2VtDp1DABFq0O,338000,4,Los del Espacio,LIT killah
0.64,0.891,10,-4.639,0,0.135,0.00467,0.0,0.132,0.449,148.054,audio_features,3a36nM6fPVA8K1vqq6d03o,spotify:track:3a36nM6fPVA8K1vqq6d03o,https://api.spotify.com/v1/tracks/3a36nM6fPVA8K1vqq6d03o,https://api.spotify.com/v1/audio-analysis/3a36nM6fPVA8K1vqq6d03o,234324,3,x2,Lil Uzi Vert
0.772,0.73,11,-6.657,0,0.0972,0.152,0.000107,0.274,0.786,136.175,audio_features,1VvoSJiPG9dFsDQjTkACvG,spotify:track:1VvoSJiPG9dFsDQjTkACvG,https://api.spotify.com/v1/tracks/1VvoSJiPG9dFsDQjTkACvG,https://api.spotify.com/v1/audio-analysis/1VvoSJiPG9dFsDQjTkACvG,174943,3,AMG,Natanael Cano
0.629,0.733,7,-5.445,1,0.0419,0.0025,0.0,0.357,0.362,120.001,audio_features,3Ua0m0YmEjrMi9XErKcNiR,spotify:track:3Ua0m0YmEjrMi9XErKcNiR,https://api.spotify.com/v1/tracks/3Ua0m0YmEjrMi9XErKcNiR,https://api.spotify.com/v1/audio-analysis/3Ua0m0YmEjrMi9XErKcNiR,212241,4,Like Crazy,Jimin
0.753,0.678,5,-5.421,1,0.0644,0.085,1.64e-06,0.13,0.583,96.006,audio_features,1p80LdxRV74UKvL8gnD7ky,spotify:track:1p80LdxRV74UKvL8gnD7ky,https://api.spotify.com/v1/tracks/1p80LdxRV74UKvL8gnD7ky,https://api.spotify.com/v1/audio-analysis/1p80LdxRV74UKvL8gnD7ky,231827,4,Blank Space,Taylor Swift
0.773,0.54,7,-7.407,0,0.0272,0.33,0.0,0.128,0.921,124.976,audio_features,6GM5l4aJ9aOhGStxODvNBm,spotify:track:6GM5l4aJ9aOhGStxODvNBm,https://api.spotify.com/v1/tracks/6GM5l4aJ9aOhGStxODvNBm,https://api.spotify.com/v1/audio-analysis/6GM5l4aJ9aOhGStxODvNBm,172360,3,Eres,Natanael Cano
0.534,0.699,7,-5.078,0,0.0326,0.00038,8.21e-06,0.362,0.0555,147.169,audio_features,2ydwqnjPOcM24MV0kLThwi,spotify:track:2ydwqnjPOcM24MV0kLThwi,https://api.spotify.com/v1/tracks/2ydwqnjPOcM24MV0kLThwi,https://api.spotify.com/v1/audio-analysis/2ydwqnjPOcM24MV0kLThwi,173061,4,Amped,Lil Uzi Vert
0.818,0.51,2,-7.05,0,0.408,0.209,0.0,0.211,0.416,129.057,audio_features,3lcfs9Qjfxzy00VSVkixDv,spotify:track:3lcfs9Qjfxzy00VSVkixDv,https://api.spotify.com/v1/tracks/3lcfs9Qjfxzy00VSVkixDv,https://api.spotify.com/v1/audio-analysis/3lcfs9Qjfxzy00VSVkixDv,173026,4,I Gotta,Lil Uzi Vert
0.855,0.678,1,-6.276,1,0.189,0.0569,3.69e-05,0.412,0.852,99.029,audio_features,6WzRpISELf3YglGAh7TXcG,spotify:track:6WzRpISELf3YglGAh7TXcG,https://api.spotify.com/v1/tracks/6WzRpISELf3YglGAh7TXcG,https://api.spotify.com/v1/audio-analysis/6WzRpISELf3YglGAh7TXcG,215467,4,Popular (with Playboi Carti & Madonna) - Music from the HBO Original Series,The Weeknd
0.77,0.58,0,-8.393,1,0.247,0.519,0.000127,0.233,0.753,144.072,audio_features,741UUVE2kuITl0c6zuqqbO,spotify:track:741UUVE2kuITl0c6zuqqbO,https://api.spotify.com/v1/tracks/741UUVE2kuITl0c6zuqqbO,https://api.spotify.com/v1/audio-analysis/741UUVE2kuITl0c6zuqqbO,109750,4,Barbie World (with Aqua) [From Barbie The Album],Nicki Minaj
0.863,0.96,11,-1.458,1,0.0492,0.497,0.00526,0.0853,0.586,130.118,audio_features,0fABszUFNbNq9IW503Gj8v,spotify:track:0fABszUFNbNq9IW503Gj8v,https://api.spotify.com/v1/tracks/0fABszUFNbNq9IW503Gj8v,https://api.spotify.com/v1/audio-analysis/0fABszUFNbNq9IW503Gj8v,92093,4,Tá OK,DENNIS
0.789,0.649,0,-5.765,1,0.0714,0.0409,3.64e-05,0.0773,0.589,89.999,audio_features,2iVgM5C7m1G4CJGbms301G,spotify:track:2iVgM5C7m1G4CJGbms301G,https://api.spotify.com/v1/tracks/2iVgM5C7m1G4CJGbms301G,https://api.spotify.com/v1/audio-analysis/2iVgM5C7m1G4CJGbms301G,174809,4,Copa Vacía,Shakira
0.722,0.782,5,-5.963,0,0.0524,0.598,0.00165,0.124,0.762,117.996,audio_features,5iilNoD56jD3FJ3bM9tMP0,spotify:track:5iilNoD56jD3FJ3bM9tMP0,https://api.spotify.com/v1/tracks/5iilNoD56jD3FJ3bM9tMP0,https://api.spotify.com/v1/audio-analysis/5iilNoD56jD3FJ3bM9tMP0,174415,4,Arena y Sal,Omar Montes
0.623,0.799,8,-4.152,0,0.0713,0.153,0.0,0.365,0.552,169.901,audio_features,0EhuGnOS6fTc5l5UNtDEH2,spotify:track:0EhuGnOS6fTc5l5UNtDEH2,https://api.spotify.com/v1/tracks/0EhuGnOS6fTc5l5UNtDEH2,https://api.spotify.com/v1/audio-analysis/0EhuGnOS6fTc5l5UNtDEH2,288000,4,POLARIS - Remix,Saiko
0.773,0.892,1,-3.732,0,0.0483,0.166,3.1e-06,0.429,0.842,130.007,audio_features,2SOvWt6igzXViIjIiWNWEP,spotify:track:2SOvWt6igzXViIjIiWNWEP,https://api.spotify.com/v1/tracks/2SOvWt6igzXViIjIiWNWEP,https://api.spotify.com/v1/audio-analysis/2SOvWt6igzXViIjIiWNWEP,222462,4,BABY HELLO,Rauw Alejandro
0.752,0.666,11,-5.185,0,0.0672,0.0971,1.62e-05,0.149,0.545,131.986,audio_features,2iIBpwP4FyQ95xgVail3yr,spotify:track:2iIBpwP4FyQ95xgVail3yr,https://api.spotify.com/v1/tracks/2iIBpwP4FyQ95xgVail3yr,https://api.spotify.com/v1/audio-analysis/2iIBpwP4FyQ95xgVail3yr,203636,4,No_se_ve.mp3,Emilia
0.708,0.737,1,-4.045,1,0.0436,0.0739,0.00162,0.0955,0.607,91.986,audio_features,7ABLbnD53cQK00mhcaOUVG,spotify:track:7ABLbnD53cQK00mhcaOUVG,https://api.spotify.com/v1/tracks/7ABLbnD53cQK00mhcaOUVG,https://api.spotify.com/v1/audio-analysis/7ABLbnD53cQK00mhcaOUVG,197920,4,LALA,Myke Towers
0.817,0.851,11,-3.309,0,0.0627,0.0351,0.0,0.232,0.886,127.019,audio_features,1MB8kTH7VKvAMfL9SHgJmG,spotify:track:1MB8kTH7VKvAMfL9SHgJmG,https://api.spotify.com/v1/tracks/1MB8kTH7VKvAMfL9SHgJmG,https://api.spotify.com/v1/audio-analysis/1MB8kTH7VKvAMfL9SHgJmG,215600,4,VAGABUNDO,Sebastian Yatra
0.863,0.664,3,-3.902,0,0.0666,0.0427,0.0,0.0501,0.701,133.028,audio_features,26V1bLUk0SBYkLEwl4caPR,spotify:track:26V1bLUk0SBYkLEwl4caPR,https://api.spotify.com/v1/tracks/26V1bLUk0SBYkLEwl4caPR,https://api.spotify.com/v1/audio-analysis/26V1bLUk0SBYkLEwl4caPR,162741,4,Clavaito,Chanel
0.715,0.642,10,-7.492,0,0.0515,0.0687,0.0,0.0997,0.169,105.964,audio_features,4PA1wK0leCjmRZlP5dQ8Lv,spotify:track:4PA1wK0leCjmRZlP5dQ8Lv,https://api.spotify.com/v1/tracks/4PA1wK0leCjmRZlP5dQ8Lv,https://api.spotify.com/v1/audio-analysis/4PA1wK0leCjmRZlP5dQ8Lv,191321,4,El Cielo,Sky Rompiendo
0.852,0.881,5,-2.546,0,0.126,0.0602,6.44e-06,0.0682,0.556,96.984,audio_features,0J9g1MMJDhyvOb3NWckHMm,spotify:track:0J9g1MMJDhyvOb3NWckHMm,https://api.spotify.com/v1/tracks/0J9g1MMJDhyvOb3NWckHMm,https://api.spotify.com/v1/audio-analysis/0J9g1MMJDhyvOb3NWckHMm,219333,4,Chulo pt.2,Bad Gyal
0.725,0.743,10,-4.185,0,0.148,0.256,0.0,0.0934,0.542,87.979,audio_features,0zY2rypOdM8xmsf4tUyafF,spotify:track:0zY2rypOdM8xmsf4tUyafF,https://api.spotify.com/v1/tracks/0zY2rypOdM8xmsf4tUyafF,https://api.spotify.com/v1/audio-analysis/0zY2rypOdM8xmsf4tUyafF,139091,4,Supernova,Saiko
0.469,0.639,10,-5.381,0,0.32,0.564,0.0,0.11,0.534,172.37,audio_features,3qXZqXGniqNt3PK2CBSZgM,spotify:track:3qXZqXGniqNt3PK2CBSZgM,https://api.spotify.com/v1/tracks/3qXZqXGniqNt3PK2CBSZgM,https://api.spotify.com/v1/audio-analysis/3qXZqXGniqNt3PK2CBSZgM,240000,3,Si La Calle Llama - Remix,Eladio Carrion
0.801,0.801,0,-5.369,1,0.1,0.406,0.0,0.134,0.663,110.029,audio_features,4rKQ8daoK0aklVptea8A9E,spotify:track:4rKQ8daoK0aklVptea8A9E,https://api.spotify.com/v1/tracks/4rKQ8daoK0aklVptea8A9E,https://api.spotify.com/v1/audio-analysis/4rKQ8daoK0aklVptea8A9E,188088,4,EL TONTO,Lola Indigo
0.746,0.51,1,-8.536,1,0.342,0.472,0.0,0.0887,0.603,91.966,audio_features,1nrYvSP0xgsD1pBcLju1R0,spotify:track:1nrYvSP0xgsD1pBcLju1R0,https://api.spotify.com/v1/tracks/1nrYvSP0xgsD1pBcLju1R0,https://api.spotify.com/v1/audio-analysis/1nrYvSP0xgsD1pBcLju1R0,284022,4,Pacto (feat. Luar La L),Jay Wheeler
0.85,0.621,3,-6.302,0,0.183,0.621,0.0,0.0988,0.567,114.092,audio_features,7bfFmlLJ1LKr2E3AUsvq5P,spotify:track:7bfFmlLJ1LKr2E3AUsvq5P,https://api.spotify.com/v1/tracks/7bfFmlLJ1LKr2E3AUsvq5P,https://api.spotify.com/v1/audio-analysis/7bfFmlLJ1LKr2E3AUsvq5P,153684,4,Antes,Rvfv
0.802,0.728,8,-6.456,0,0.0533,0.0233,0.0,0.119,0.782,121.92,audio_features,20CozgjF6bshBw8cLhN23B,spotify:track:20CozgjF6bshBw8cLhN23B,https://api.spotify.com/v1/tracks/20CozgjF6bshBw8cLhN23B,https://api.spotify.com/v1/audio-analysis/20CozgjF6bshBw8cLhN23B,202185,4,Nochentera,Vicco
0.695,0.815,7,-6.303,1,0.036,0.0435,3.87e-05,0.089,0.718,127.991,audio_features,1FhRIZtz1d4qLVe4928exT,spotify:track:1FhRIZtz1d4qLVe4928exT,https://api.spotify.com/v1/tracks/1FhRIZtz1d4qLVe4928exT,https://api.spotify.com/v1/audio-analysis/1FhRIZtz1d4qLVe4928exT,153827,4,LAS BABYS,Aitana
0.81,0.815,10,-3.101,0,0.1,0.231,0.0,0.0577,0.958,95.003,audio_features,36W1V6ft4fX7HQVSdIYL0J,spotify:track:36W1V6ft4fX7HQVSdIYL0J,https://api.spotify.com/v1/tracks/36W1V6ft4fX7HQVSdIYL0J,https://api.spotify.com/v1/audio-analysis/36W1V6ft4fX7HQVSdIYL0J,444632,4,Las Bratz (Remix),Aissa
0.75,0.83,0,-3.544,1,0.0683,0.115,0.0,0.765,0.688,104.937,audio_features,1PyEIqKSHiGNK9KjxosuHi,spotify:track:1PyEIqKSHiGNK9KjxosuHi,https://api.spotify.com/v1/tracks/1PyEIqKSHiGNK9KjxosuHi,https://api.spotify.com/v1/audio-analysis/1PyEIqKSHiGNK9KjxosuHi,182857,4,LA BABY,Tainy
0.793,0.736,7,-3.254,0,0.0469,0.0822,0.0,0.109,0.656,112.993,audio_features,0Sfn2TYbpQtCGMBf6C0Y6T,spotify:track:0Sfn2TYbpQtCGMBf6C0Y6T,https://api.spotify.com/v1/tracks/0Sfn2TYbpQtCGMBf6C0Y6T,https://api.spotify.com/v1/audio-analysis/0Sfn2TYbpQtCGMBf6C0Y6T,237525,4,PLAYA DEL INGLÉS,Quevedo
0.732,0.776,1,-3.287,0,0.0424,0.384,0.0,0.118,0.455,99.997,audio_features,66j4P6CdkPZQW5q0Lv3Vn8,spotify:track:66j4P6CdkPZQW5q0Lv3Vn8,https://api.spotify.com/v1/tracks/66j4P6CdkPZQW5q0Lv3Vn8,https://api.spotify.com/v1/audio-analysis/66j4P6CdkPZQW5q0Lv3Vn8,166534,4,Flow Violento - Remix,YoSoyPlex
0.931,0.793,0,-4.666,0,0.133,0.0378,4.63e-06,0.0748,0.856,117.999,audio_features,6IdcyYfBz9LG3SWIKVyNgh,spotify:track:6IdcyYfBz9LG3SWIKVyNgh,https://api.spotify.com/v1/tracks/6IdcyYfBz9LG3SWIKVyNgh,https://api.spotify.com/v1/audio-analysis/6IdcyYfBz9LG3SWIKVyNgh,166529,4,Arranca (feat. Omega),Becky G
0.569,0.758,0,-6.961,0,0.202,0.405,0.0,0.149,0.53,142.823,audio_features,5QX43W0c6X53arJNNtDV8U,spotify:track:5QX43W0c6X53arJNNtDV8U,https://api.spotify.com/v1/tracks/5QX43W0c6X53arJNNtDV8U,https://api.spotify.com/v1/audio-analysis/5QX43W0c6X53arJNNtDV8U,250893,4,En Alta,J Balvin
0.775,0.677,8,-4.703,0,0.0442,0.0313,0.00517,0.112,0.698,124.011,audio_features,51FvjPEGKq2zByeeEQ43V9,spotify:track:51FvjPEGKq2zByeeEQ43V9,https://api.spotify.com/v1/tracks/51FvjPEGKq2zByeeEQ43V9,https://api.spotify.com/v1/audio-analysis/51FvjPEGKq2zByeeEQ43V9,189357,4,El Merengue,Marshmello
0.813,0.791,11,-6.899,0,0.111,0.316,0.000165,0.124,0.404,94.063,audio_features,55Q180Og5mkW2XeGPjB7yn,spotify:track:55Q180Og5mkW2XeGPjB7yn,https://api.spotify.com/v1/tracks/55Q180Og5mkW2XeGPjB7yn,https://api.spotify.com/v1/audio-analysis/55Q180Og5mkW2XeGPjB7yn,259628,4,Se Grita,Morad
0.823,0.615,7,-4.19,1,0.147,0.104,0.0,0.104,0.47,90.952,audio_features,3Gs7mVfWKl567mjozgxmXv,spotify:track:3Gs7mVfWKl567mjozgxmXv,https://api.spotify.com/v1/tracks/3Gs7mVfWKl567mjozgxmXv,https://api.spotify.com/v1/audio-analysis/3Gs7mVfWKl567mjozgxmXv,187653,4,Niña Bonita,Feid
0.811,0.46,9,-6.035,1,0.0444,0.434,0.0,0.682,0.899,122.98,audio_features,2o6pi3nx1UAYxuBccabCMQ,spotify:track:2o6pi3nx1UAYxuBccabCMQ,https://api.spotify.com/v1/tracks/2o6pi3nx1UAYxuBccabCMQ,https://api.spotify.com/v1/audio-analysis/2o6pi3nx1UAYxuBccabCMQ,201044,4,La Fiesta,Pedro Capó
0.796,0.701,7,-3.599,0,0.0447,0.215,0.0,0.0946,0.325,119.986,audio_features,4aJzxp3gimtAdgJn3DL776,spotify:track:4aJzxp3gimtAdgJn3DL776,https://api.spotify.com/v1/tracks/4aJzxp3gimtAdgJn3DL776,https://api.spotify.com/v1/audio-analysis/4aJzxp3gimtAdgJn3DL776,220600,4,Mami Chula,Jhayco
0.72,0.533,4,-5.88,0,0.152,0.603,0.00341,0.162,0.549,165.099,audio_features,1HII0EIufOG0nGpWCQixbO,spotify:track:1HII0EIufOG0nGpWCQixbO,https://api.spotify.com/v1/tracks/1HII0EIufOG0nGpWCQixbO,https://api.spotify.com/v1/audio-analysis/1HII0EIufOG0nGpWCQixbO,155088,4,TUYA,ROSALÍA
0.913,0.584,9,-5.263,1,0.223,0.521,5.36e-05,0.307,0.627,119.873,audio_features,2xVcCDRgG3TrH69TatsUxp,spotify:track:2xVcCDRgG3TrH69TatsUxp,https://api.spotify.com/v1/tracks/2xVcCDRgG3TrH69TatsUxp,https://api.spotify.com/v1/audio-analysis/2xVcCDRgG3TrH69TatsUxp,174370,4,Cupido,TINI
0.783,0.868,7,-2.961,0,0.0591,0.19,0.0,0.165,0.727,109.977,audio_features,3kmWIej9tXjSWWYc9tPjJk,spotify:track:3kmWIej9tXjSWWYc9tPjJk,https://api.spotify.com/v1/tracks/3kmWIej9tXjSWWYc9tPjJk,https://api.spotify.com/v1/audio-analysis/3kmWIej9tXjSWWYc9tPjJk,166735,4,COCO LOCO,Maluma
0.92,0.696,6,-3.356,0,0.0742,0.183,0.0,0.149,0.545,106.966,audio_features,505v13epFXodT9fVAJ6h8k,spotify:track:505v13epFXodT9fVAJ6h8k,https://api.spotify.com/v1/tracks/505v13epFXodT9fVAJ6h8k,https://api.spotify.com/v1/audio-analysis/505v13epFXodT9fVAJ6h8k,170480,4,AMARGURA,KAROL G
0.582,0.421,11,-7.929,0,0.049,0.776,0.0,0.0996,0.304,72.298,audio_features,6e46jZKoeaOCShrVJK1XzN,spotify:track:6e46jZKoeaOCShrVJK1XzN,https://api.spotify.com/v1/tracks/6e46jZKoeaOCShrVJK1XzN,https://api.spotify.com/v1/audio-analysis/6e46jZKoeaOCShrVJK1XzN,233376,4,don't liE,Duki
0.779,0.808,3,-3.378,0,0.0421,0.103,0.0,0.107,0.409,99.023,audio_features,2zUEnw6wWrWaPcF15F76OA,spotify:track:2zUEnw6wWrWaPcF15F76OA,https://api.spotify.com/v1/tracks/2zUEnw6wWrWaPcF15F76OA,https://api.spotify.com/v1/audio-analysis/2zUEnw6wWrWaPcF15F76OA,195033,4,En To Lao,Haze
0.724,0.631,4,-4.42,0,0.0686,0.249,0.0,0.213,0.957,176.076,audio_features,0Iozrbed8spxoBnmtBMshO,spotify:track:0Iozrbed8spxoBnmtBMshO,https://api.spotify.com/v1/tracks/0Iozrbed8spxoBnmtBMshO,https://api.spotify.com/v1/audio-analysis/0Iozrbed8spxoBnmtBMshO,160909,4,WANDA,Quevedo
0.683,0.764,2,-5.995,1,0.0441,0.0427,0.0,0.0963,0.137,149.949,audio_features,0PB0O24JqAuNdOAFVJljMS,spotify:track:0PB0O24JqAuNdOAFVJljMS,https://api.spotify.com/v1/tracks/0PB0O24JqAuNdOAFVJljMS,https://api.spotify.com/v1/audio-analysis/0PB0O24JqAuNdOAFVJljMS,160325,4,Coco Chanel,Eladio Carrion
0.63,0.553,2,-12.116,1,0.0689,0.00474,3.85e-06,0.131,0.297,170.04,audio_features,3XsYMEJutxpTiNXXRvodQH,spotify:track:3XsYMEJutxpTiNXXRvodQH,https://api.spotify.com/v1/tracks/3XsYMEJutxpTiNXXRvodQH,https://api.spotify.com/v1/audio-analysis/3XsYMEJutxpTiNXXRvodQH,175080,4,RoCKSTAR 2.0,Duki
0.838,0.79,6,-1.602,0,0.108,0.431,3.33e-06,0.184,0.962,92.927,audio_features,1DxEbt6OSbrkRthk6pjZue,spotify:track:1DxEbt6OSbrkRthk6pjZue,https://api.spotify.com/v1/tracks/1DxEbt6OSbrkRthk6pjZue,https://api.spotify.com/v1/audio-analysis/1DxEbt6OSbrkRthk6pjZue,161452,4,MERCHO,LiL CaKe
0.587,0.732,8,-5.288,1,0.0378,0.000739,0.0,0.0846,0.656,119.938,audio_features,4rQu72zFJz3qne1bnEkVSt,spotify:track:4rQu72zFJz3qne1bnEkVSt,https://api.spotify.com/v1/tracks/4rQu72zFJz3qne1bnEkVSt,https://api.spotify.com/v1/audio-analysis/4rQu72zFJz3qne1bnEkVSt,165528,4,Todo Contigo,Álvaro De Luna
0.795,0.889,11,-5.216,0,0.0902,0.053,0.000237,0.113,0.421,122.023,audio_features,7lrMkztvl0MnRSB2i3KRRe,spotify:track:7lrMkztvl0MnRSB2i3KRRe,https://api.spotify.com/v1/tracks/7lrMkztvl0MnRSB2i3KRRe,https://api.spotify.com/v1/audio-analysis/7lrMkztvl0MnRSB2i3KRRe,158484,4,Los Ángeles,Aitana
0.838,0.708,5,-4.668,0,0.166,0.176,0.0,0.343,0.96,119.984,audio_features,7MVIfkyzuUmQ716j8U7yGR,spotify:track:7MVIfkyzuUmQ716j8U7yGR,https://api.spotify.com/v1/tracks/7MVIfkyzuUmQ716j8U7yGR,https://api.spotify.com/v1/audio-analysis/7MVIfkyzuUmQ716j8U7yGR,128677,4,Rara Vez,Taiu
